8:36642029:C	8	36642029	C	NA	T	0	1311	0	3	0.00228310502283105	1314	0	0	0	0	0	1311	3	0	3	NA	2	1336	0	3	0.00372856077554064	1341	0.00198019801980198	1341	2	1336	0	3	1	1	0	0	0	0	0	0.00372856077554064	5	PT01	TUMOR_A_toy	CTRL_A_toy	0.00223713646532438	1	5	5	0.0159695817490494	0
8:36642081:T	8	36642081	T	NA	C	0	2	0	788	0.00253164556962025	790	0	0	0	0	0	788	2	0	2	NA	0	1	0	781	0.00127877237851662	782	0.00198019801980198	782	0	1	0	781	1	1	0	0	0	0	0	0.00127877237851662	1	PT01	TUMOR_A_toy	CTRL_A_toy	0.00127877237851662	1	5	5	0.0126582278481013	0
8:36644872:C	8	36644872	C	NA	A	3	1474	0	0	0.002031144211239	1477	0	0	0	0	0	1474	3	0	3	NA	3	1549	0	0	0.00193298969072165	1552	0.00198019801980198	1552	3	1549	0	0	1	1	0	0	0	0	0	0.00193298969072165	3	PT01	TUMOR_A_toy	CTRL_A_toy	0.00193298969072165	1	5	5	0.0108108108108108	0
8:36662719:T	8	36662719	T	NA	C	0	2	0	977	0.00204290091930541	979	0	0	0	0	0	977	2	0	2	NA	0	2	0	981	0.00203458799593082	983	0.00198019801980198	983	0	2	0	981	1	1	0	0	0	0	0	0.00203458799593082	2	PT01	TUMOR_A_toy	CTRL_A_toy	0.00203458799593082	1	5	5	0.0153061224489796	0
8:36663835:A	8	36663835	A	NA	C	1158	5	0	0	0.00429922613929493	1163	0	0	0	0	0	1158	5	0	5	NA	1202	2	0	0	0.00166112956810631	1204	0.00198019801980198	1204	1202	2	0	0	1	1	0	0	0	0	0	0.00166112956810631	2	PT01	TUMOR_A_toy	CTRL_A_toy	0.00166112956810631	1	5	5	0.0103004291845494	0
8:36663844:A	8	36663844	A	NA	C	1004	3	0	0	0.00297914597815293	1007	0	0	0	0	0	1004	3	0	3	NA	1048	1	0	0	0.000953288846520496	1049	0.00198019801980198	1049	1048	1	0	0	1	1	0	0	0	0	0	0.000953288846520496	1	PT01	TUMOR_A_toy	CTRL_A_toy	0.000953288846520496	1	5	5	0.00891089108910891	0
8:36663862:A	8	36663862	A	NA	C	594	2	0	0	0.00335570469798658	596	0	0	0	0	0	594	2	0	2	NA	600	0	0	0	0	600	0.00198019801980198	600	600	0	0	0	1	1	0	0	0	0	0	0	0	PT01	TUMOR_A_toy	CTRL_A_toy	0	0	1	1	0.00333333333333333	1
8:36663863:C	8	36663863	C	NA	G	0	592	2	0	0.00336700336700337	594	0	0	0	0	0	592	2	0	2	NA	0	600	0	0	0	600	0.00198019801980198	600	0	600	0	0	1	1	0	0	0	0	0	0	0	PT01	TUMOR_A_toy	CTRL_A_toy	0	0	1	1	0.00336134453781513	1
8:36666244:T	8	36666244	T	NA	C	0	8	0	3637	0.00219478737997257	3645	0	0	0	0	0	3637	8	0	8	NA	2	1	0	3668	0.000817216017433942	3671	0.00193423597678917	3671	2	1	0	3668	1	1	0	0	0	0	0	0.000817216017433942	3	PT01	TUMOR_A_toy	CTRL_A_toy	0.000272405339144647	1	5	5	0.00411522633744856	0
8:36673121:T	8	36673121	T	NA	C	0	1	0	465	0.00214592274678112	466	0	0	0	0	0	465	1	0	1	NA	0	1	0	498	0.00200400801603206	499	0.00193423597678917	499	0	1	0	498	1	1	0	0	0	0	0	0.00200400801603206	1	PT01	TUMOR_A_toy	CTRL_A_toy	0.00200400801603206	1	5	5	0.025531914893617	0
8:36673192:C	8	36673192	C	NA	G	0	310	3	0	0.00958466453674121	313	0	0	0	0	0	310	3	0	3	NA	0	315	0	0	0	315	0.00193423597678917	315	0	315	0	0	1	1	0	0	0	0	0	0	0	PT01	TUMOR_A_toy	CTRL_A_toy	0	0	1	1	0.00634920634920635	1
8:36691101:T	8	36691101	T	NA	G	0	0	2	552	0.0036101083032491	554	0	0	0	0	0	552	2	0	2	NA	0	0	0	531	0	531	0.00198019801980198	531	0	0	0	531	1	1	0	0	0	0	0	0	0	PT01	TUMOR_A_toy	CTRL_A_toy	0	0	1	1	0.0036036036036036	1
8:36693824:A	8	36693824	A	NA	G	1544	0	6	0	0.00387096774193548	1550	0	0	0	0	0	1544	6	0	6	NA	1548	0	3	0	0.00193423597678917	1551	0.00193423597678917	1551	1548	0	3	0	1	1	0	0	0	0	0	0.00193423597678917	3	PT01	TUMOR_A_toy	CTRL_A_toy	0.00193423597678917	1	5	5	0.0109677419354839	0
8:36693875:C	8	36693875	C	NA	T	0	862	0	2	0.00231481481481482	864	0	0	0	0	0	862	2	0	2	NA	0	937	0	2	0.00212992545260916	939	0.00198019801980198	939	0	937	0	2	1	1	0	0	0	0	0	0.00212992545260916	2	PT01	TUMOR_A_toy	CTRL_A_toy	0.00212992545260916	1	5	5	0.0173410404624277	0
8:36698498:G	8	36698498	G	NA	A	3	0	433	0	0.00688073394495413	436	0	0	0	0	0	433	3	0	3	NA	1	0	504	0	0.00198019801980198	505	0.00193423597678917	505	1	0	504	0	1	1	0	0	0	0	0	0.00198019801980198	1	PT01	TUMOR_A_toy	CTRL_A_toy	0.00198019801980198	1	5	5	0.0181818181818182	0
8:36721928:C	8	36721928	C	NA	T	0	984	0	2	0.00202839756592292	986	0	0	0	0	0	984	2	0	2	NA	0	976	0	0	0	976	0.00198019801980198	976	0	976	0	0	1	1	0	0	0	0	0	0	0	PT01	TUMOR_A_toy	CTRL_A_toy	0	0	1	1	0.00202020202020202	1
8:36721969:C	8	36721969	C	NA	A	3	1566	1	0	0.00254777070063694	1570	0	0	0	0	0	1566	3	0	3	NA	1	1496	0	0	0.000668002672010688	1497	0.00193423597678917	1497	1	1496	0	0	1	1	0	0	0	0	0	0.000668002672010688	1	PT01	TUMOR_A_toy	CTRL_A_toy	0.000668002672010688	1	5	5	0.00573248407643312	0
8:36722037:C	8	36722037	C	NA	A	3	1368	0	0	0.00218818380743982	1371	0	0	0	0	0	1368	3	0	3	NA	1	1305	0	0	0.000765696784073507	1306	0.00198019801980198	1306	1	1305	0	0	1	1	0	0	0	0	0	0.000765696784073507	1	PT01	TUMOR_A_toy	CTRL_A_toy	0.000765696784073507	1	5	5	0.00654545454545455	0
8:36746234:G	8	36746234	G	NA	T	0	0	495	5	0.01	500	0	0	0	0	0	495	5	0	5	NA	0	0	485	2	0.00410677618069815	487	0.00198019801980198	487	0	0	485	2	1	1	0	0	0	0	0	0.00410677618069815	2	PT01	TUMOR_A_toy	CTRL_A_toy	0.00410677618069815	1	5	5	0.026	0
8:36746240:A	8	36746240	A	NA	T	497	0	0	3	0.006	500	0	0	0	0	0	497	3	0	3	NA	485	0	0	2	0.00410677618069815	487	0.00198019801980198	487	485	0	0	2	1	1	0	0	0	0	0	0.00410677618069815	2	PT01	TUMOR_A_toy	CTRL_A_toy	0.00410677618069815	1	5	5	0.026	0
8:36746244:T	8	36746244	T	NA	C	0	1	0	499	0.002	500	0	0	0	0	0	499	1	0	1	NA	0	2	0	485	0.00410677618069815	487	0.00198019801980198	487	0	2	0	485	1	1	0	0	0	0	0	0.00410677618069815	2	PT01	TUMOR_A_toy	CTRL_A_toy	0.00410677618069815	1	5	5	0.026	0
8:36746294:A	8	36746294	A	NA	G	376	0	1	0	0.0026525198938992	377	0	0	0	0	0	376	1	0	1	NA	427	0	0	0	0	427	0.00193423597678917	427	427	0	0	0	1	1	0	0	0	0	0	0	0	PT01	TUMOR_A_toy	CTRL_A_toy	0	0	1	1	0.00526315789473684	0
8:36746309:G	8	36746309	G	NA	T	0	0	443	1	0.00225225225225225	444	0	0	0	0	0	443	1	0	1	NA	0	0	509	1	0.00196078431372549	510	0.00193423597678917	510	0	0	509	1	1	1	0	0	0	0	0	0.00196078431372549	1	PT01	TUMOR_A_toy	CTRL_A_toy	0.00196078431372549	1	5	5	0.0202247191011236	0
8:36746314:G	8	36746314	G	NA	C	0	1	444	0	0.00224719101123596	445	0	0	0	0	0	444	1	0	1	NA	0	0	511	0	0	511	0.00193423597678917	511	0	0	511	0	1	1	0	0	0	0	0	0	0	PT01	TUMOR_A_toy	CTRL_A_toy	0	0	1	1	0.00449438202247191	0
8:36746321:G	8	36746321	G	NA	T	0	0	450	1	0.00221729490022173	451	0	0	0	0	0	450	1	0	1	NA	0	0	517	0	0	517	0.00193423597678917	517	0	0	517	0	1	1	0	0	0	0	0	0	0	PT01	TUMOR_A_toy	CTRL_A_toy	0	0	1	1	0.0043956043956044	0
8:36746339:A	8	36746339	A	NA	T	449	0	0	3	0.00663716814159292	452	0	0	0	0	0	449	3	0	3	NA	513	0	0	1	0.00194552529182879	514	0.00193423597678917	514	513	0	0	1	1	1	0	0	0	0	0	0.00194552529182879	1	PT01	TUMOR_A_toy	CTRL_A_toy	0.00194552529182879	1	5	5	0.0197802197802198	0
8:36746349:T	8	36746349	T	NA	A	1	0	0	451	0.00221238938053097	452	0	0	0	0	0	451	1	0	1	NA	1	0	0	513	0.00194552529182879	514	0.00193423597678917	514	1	0	0	513	1	1	0	0	0	0	0	0.00194552529182879	1	PT01	TUMOR_A_toy	CTRL_A_toy	0.00194552529182879	1	5	5	0.0197802197802198	0
8:36746696:A	8	36746696	A	NA	G	226	0	1	0	0.00440528634361234	227	0	0	0	0	0	226	1	0	1	NA	262	0	0	0	0	262	0.00193423597678917	262	262	0	0	0	1	1	0	0	0	0	0	0	0	PT01	TUMOR_A_toy	CTRL_A_toy	0	0	1	1	0.00869565217391304	0
8:36766850:T	8	36766850	T	NA	A	251	0	0	2268	0.0996427153632394	2519	0	0	0	0	0	2268	251	0	251	NA	0	2	0	2469	0.000809388911371914	2471	0.00193423597678917	2471	0	2	0	2469	1	1	0	0	0	0	0	0.000809388911371914	2	PT01	TUMOR_A_toy	CTRL_A_toy	0	0	4	NA	0.00515873015873016	1
8:36767051:C	8	36767051	C	NA	A	3	1316	0	0	0.00227445034116755	1319	0	0	0	0	0	1316	3	0	3	NA	1	1282	0	0	0.000779423226812159	1283	0.00198019801980198	1283	1	1282	0	0	1	1	0	0	0	0	0	0.000779423226812159	1	PT01	TUMOR_A_toy	CTRL_A_toy	0.000779423226812159	1	5	5	0.00681818181818182	0
8:36768480:G	8	36768480	G	NA	A	4	0	2248	2	0.00266193433895297	2254	0	0	0	0	0	2248	4	0	4	NA	1	0	2285	0	0.000437445319335083	2286	0.00193423597678917	2286	1	0	2285	0	1	1	0	0	0	0	0	0.000437445319335083	1	PT01	TUMOR_A_toy	CTRL_A_toy	0.000437445319335083	1	5	5	0.00443458980044346	0
8:36768623:C	8	36768623	C	NA	A	5	1688	0	0	0.00295333727111636	1693	0	0	0	0	0	1688	5	0	5	NA	2	1623	0	0	0.00123076923076923	1625	0.00193423597678917	1625	2	1623	0	0	1	1	0	0	0	0	0	0.00123076923076923	2	PT01	TUMOR_A_toy	CTRL_A_toy	0.00123076923076923	1	5	5	0.00884955752212389	0
8:36788535:C	8	36788535	C	NA	T	0	1443	0	3	0.0020746887966805	1446	0	0	0	0	0	1443	3	0	3	NA	0	1476	0	1	0.000677048070412999	1477	0.00198019801980198	1477	0	1476	0	1	1	1	0	0	0	0	0	0.000677048070412999	1	PT01	TUMOR_A_toy	CTRL_A_toy	0.000677048070412999	1	5	5	0.00620689655172414	0
8:36793262:T	8	36793262	T	NA	G	0	0	4	1895	0.00210637177461822	1899	0	0	0	0	0	1895	4	0	4	NA	0	0	0	1892	0	1892	0.00193423597678917	1892	0	0	0	1892	1	1	0	0	0	0	0	0	0	PT01	TUMOR_A_toy	CTRL_A_toy	0	0	1	1	0.00105263157894737	1
