8:36641928:C	8	36641928	C	NA	2820	0	2820	0	0	1	1	0	0	0	0	0	0	0
8:36641929:A	8	36641929	A	NA	2820	2820	0	0	0	1	1	0	0	0	0	0	0	0
8:36641930:T	8	36641930	T	NA	2820	0	1	0	2819	1	1	0	0	0	0	0	0.000354609929078014	1
8:36641931:G	8	36641931	G	NA	2820	0	0	2820	0	1	1	0	0	0	0	0	0	0
8:36641932:T	8	36641932	T	NA	2820	0	0	0	2820	1	1	0	0	0	0	0	0	0
8:36641933:T	8	36641933	T	NA	2820	1	0	0	2819	1	1	0	0	0	0	0	0.000354609929078014	1
8:36641934:T	8	36641934	T	NA	2820	1	2	0	2817	1	1	0	0	0	0	0	0.00106382978723404	3
8:36641935:C	8	36641935	C	NA	2820	0	2820	0	0	1	1	0	0	0	0	0	0	0
8:36641936:A	8	36641936	A	NA	2820	2820	0	0	0	1	1	0	0	0	0	0	0	0
8:36641937:G	8	36641937	G	NA	2820	0	0	2820	0	1	1	0	0	0	0	0	0	0
8:36641938:A	8	36641938	A	NA	2820	2819	0	1	0	1	1	0	0	0	0	0	0.000354609929078014	1
8:36641939:C	8	36641939	C	NA	2820	0	2820	0	0	1	1	0	0	0	0	0	0	0
8:36641940:T	8	36641940	T	NA	2820	0	0	0	2820	1	1	0	0	0	0	0	0	0
8:36641941:A	8	36641941	A	NA	2820	2820	0	0	0	1	1	0	0	0	0	0	0	0
8:36641942:A	8	36641942	A	NA	2820	2820	0	0	0	1	1	0	0	0	0	0	0	0
8:36641943:G	8	36641943	G	NA	3268	4	1	3263	0	1	1	0	0	0	0	0	0.00152998776009792	5
8:36641944:C	8	36641944	C	NA	3268	0	3268	0	0	1	1	0	0	0	0	0	0	0
8:36641945:T	8	36641945	T	NA	3274	0	0	0	3274	1	1	0	0	0	0	0	0	0
8:36641946:A	8	36641946	A	NA	3676	3676	0	0	0	1	1	0	0	0	0	0	0	0
8:36641947:C	8	36641947	C	NA	3850	2	3848	0	0	1	1	0	0	0	0	0	0.000519480519480519	2
8:36641948:G	8	36641948	G	NA	3838	0	0	3838	0	1	1	0	0	0	0	0	0	0
8:36641949:A	8	36641949	A	NA	3844	3844	0	0	0	1	1	0	0	0	0	0	0	0
8:36641950:A	8	36641950	A	NA	3886	3884	0	2	0	1	1	0	0	0	0	0	0.000514668039114771	2
8:36641951:A	8	36641951	A	NA	3886	3885	0	0	1	1	1	0	0	0	0	0	0.000257334019557386	1
8:36641952:T	8	36641952	T	NA	3886	0	0	0	3886	1	1	0	0	0	0	0	0	0
8:36641953:G	8	36641953	G	NA	3886	0	0	3886	0	1	1	0	0	0	0	0	0	0
8:36641954:A	8	36641954	A	NA	3886	3886	0	0	0	1	1	0	0	0	0	0	0	0
8:36641955:A	8	36641955	A	NA	3886	3886	0	0	0	1	1	0	0	0	0	0	0	0
8:36641956:A	8	36641956	A	NA	3886	3886	0	0	0	1	1	0	0	0	0	0	0	0
8:36641957:C	8	36641957	C	NA	3886	2	3884	0	0	1	1	0	0	0	0	0	0.000514668039114771	2
8:36641958:T	8	36641958	T	NA	3886	0	0	0	3886	1	1	0	0	0	0	0	0	0
8:36641959:T	8	36641959	T	NA	2941	0	0	1	2940	1	1	0	0	0	0	0	0.000340020401224073	1
8:36641960:G	8	36641960	G	NA	2941	2	0	2939	0	1	1	0	0	0	0	0	0.000680040802448147	2
8:36641961:G	8	36641961	G	NA	2941	0	0	2940	1	1	1	0	0	0	0	0	0.000340020401224073	1
8:36641962:G	8	36641962	G	NA	2940	0	0	2940	0	1	1	0	0	0	0	0	0	0
8:36641963:A	8	36641963	A	NA	2940	2940	0	0	0	1	1	0	0	0	0	0	0	0
8:36641964:A	8	36641964	A	NA	2940	2938	1	1	0	1	1	0	0	0	0	0	0.000680272108843537	2
8:36641965:G	8	36641965	G	NA	2940	0	0	2940	0	1	1	0	0	0	0	0	0	0
8:36641966:A	8	36641966	A	NA	2939	2939	0	0	0	1	1	0	0	0	0	0	0	0
8:36641967:C	8	36641967	C	NA	2938	0	2938	0	0	1	1	0	0	0	0	0	0	0
8:36641968:T	8	36641968	T	NA	2938	2	0	0	2936	1	1	0	0	0	0	0	0.00068073519400953	2
8:36641969:T	8	36641969	T	NA	2938	0	0	0	2938	1	1	0	0	0	0	0	0	0
8:36641970:G	8	36641970	G	NA	2938	0	0	2938	0	1	1	0	0	0	0	0	0	0
8:36641971:C	8	36641971	C	NA	2938	1	2937	0	0	1	1	0	0	0	0	0	0.000340367597004765	1
8:36641972:C	8	36641972	C	NA	2934	3	2930	0	1	1	1	0	0	0	0	0	0.00136332651670075	4
8:36641973:A	8	36641973	A	NA	2934	2933	0	1	0	1	1	0	0	0	0	0	0.000340831629175187	1
8:36641974:A	8	36641974	A	NA	2934	2933	0	1	0	1	1	0	0	0	0	0	0.000340831629175187	1
8:36641975:A	8	36641975	A	NA	2931	2931	0	0	0	1	1	0	0	0	0	0	0	0
8:36641976:A	8	36641976	A	NA	2931	2931	0	0	0	1	1	0	0	0	0	0	0	0
8:36641977:A	8	36641977	A	NA	2930	2928	0	0	2	1	1	0	0	0	0	0	0.00068259385665529	2
8:36641978:T	8	36641978	T	NA	2930	0	0	0	2930	1	1	0	0	0	0	0	0	0
8:36641979:G	8	36641979	G	NA	2930	0	0	2930	0	1	1	0	0	0	0	0	0	0
8:36641980:T	8	36641980	T	NA	2928	0	0	0	2928	1	1	0	0	0	0	0	0	0
8:36641981:C	8	36641981	C	NA	2928	2	2926	0	0	1	1	0	0	0	0	0	0.000683060109289617	2
8:36641982:C	8	36641982	C	NA	2927	1	2926	0	0	1	1	0	0	0	0	0	0.000341646737273659	1
8:36641983:T	8	36641983	T	NA	2926	0	0	0	2926	1	1	0	0	0	0	0	0	0
8:36641984:G	8	36641984	G	NA	2925	0	0	2925	0	1	1	0	0	0	0	0	0	0
8:36641985:C	8	36641985	C	NA	2377	0	2377	0	0	1	1	0	0	0	0	0	0	0
8:36641986:A	8	36641986	A	NA	2374	2374	0	0	0	1	1	0	0	0	0	0	0	0
8:36641987:C	8	36641987	C	NA	2373	2	2371	0	0	1	1	0	0	0	0	0	0.000842815002107038	2
8:36641988:A	8	36641988	A	NA	1790	1790	0	0	0	1	1	0	0	0	0	0	0	0
8:36641989:A	8	36641989	A	NA	1790	1790	0	0	0	1	1	0	0	0	0	0	0	0
8:36641990:C	8	36641990	C	NA	1779	2	1777	0	0	1	1	0	0	0	0	0	0.00112422709387296	2
8:36641991:T	8	36641991	T	NA	1777	0	0	0	1777	1	1	0	0	0	0	0	0	0
8:36641992:G	8	36641992	G	NA	1775	1	0	1772	2	1	1	0	0	0	0	0	0.00169014084507042	3
8:36641993:A	8	36641993	A	NA	1775	1775	0	0	0	1	1	0	0	0	0	0	0	0
8:36641994:G	8	36641994	G	NA	1772	0	0	1772	0	1	1	0	0	0	0	0	0	0
8:36641995:A	8	36641995	A	NA	1772	1772	0	0	0	1	1	0	0	0	0	0	0	0
8:36641996:T	8	36641996	T	NA	1772	0	0	0	1772	1	1	0	0	0	0	0	0	0
8:36641997:C	8	36641997	C	NA	1934	1	1933	0	0	1	1	0	0	0	0	0	0.000517063081695967	1
8:36641998:C	8	36641998	C	NA	1934	0	1934	0	0	1	1	0	0	0	0	0	0	0
8:36641999:A	8	36641999	A	NA	1931	1931	0	0	0	1	1	0	0	0	0	0	0	0
8:36642000:A	8	36642000	A	NA	1920	1920	0	0	0	1	1	0	0	0	0	0	0	0
8:36642001:G	8	36642001	G	NA	1915	0	0	1915	0	1	1	0	0	0	0	0	0	0
8:36642002:C	8	36642002	C	NA	1915	0	1915	0	0	1	1	0	0	0	0	0	0	0
8:36642003:A	8	36642003	A	NA	1915	1915	0	0	0	1	1	0	0	0	0	0	0	0
8:36642004:G	8	36642004	G	NA	1915	0	0	1913	2	1	1	0	0	0	0	0	0.0010443864229765	2
8:36642005:C	8	36642005	C	NA	1914	1	1913	0	0	1	1	0	0	0	0	0	0.000522466039707419	1
8:36642006:A	8	36642006	A	NA	1914	1913	0	1	0	1	1	0	0	0	0	0	0.000522466039707419	1
8:36642007:T	8	36642007	T	NA	1914	0	0	0	1914	1	1	0	0	0	0	0	0	0
8:36642008:T	8	36642008	T	NA	1914	0	0	0	1914	1	1	0	0	0	0	0	0	0
8:36642009:C	8	36642009	C	NA	1914	3	1911	0	0	1	1	0	0	0	0	0	0.00156739811912226	3
8:36642010:A	8	36642010	A	NA	1914	1913	1	0	0	1	1	0	0	0	0	0	0.000522466039707419	1
8:36642011:T	8	36642011	T	NA	1914	0	0	0	1914	1	1	0	0	0	0	0	0	0
8:36642012:T	8	36642012	T	NA	1362	0	0	0	1362	1	1	0	0	0	0	0	0	0
8:36642013:C	8	36642013	C	NA	1362	0	1362	0	0	1	1	0	0	0	0	0	0	0
8:36642014:T	8	36642014	T	NA	1341	0	0	0	1341	1	1	0	0	0	0	0	0	0
8:36642015:C	8	36642015	C	NA	1341	0	1341	0	0	1	1	0	0	0	0	0	0	0
8:36642016:T	8	36642016	T	NA	1341	0	0	0	1341	1	1	0	0	0	0	0	0	0
8:36642017:C	8	36642017	C	NA	1340	0	1340	0	0	1	1	0	0	0	0	0	0	0
8:36642018:T	8	36642018	T	NA	1340	0	0	0	1340	1	1	0	0	0	0	0	0	0
8:36642019:T	8	36642019	T	NA	1340	0	0	0	1340	1	1	0	0	0	0	0	0	0
8:36642020:C	8	36642020	C	NA	1340	0	1340	0	0	1	1	0	0	0	0	0	0	0
8:36642021:C	8	36642021	C	NA	1340	0	1340	0	0	1	1	0	0	0	0	0	0	0
8:36642022:T	8	36642022	T	NA	1340	0	0	0	1340	1	1	0	0	0	0	0	0	0
8:36642023:T	8	36642023	T	NA	1340	0	0	0	1340	1	1	0	0	0	0	0	0	0
8:36642024:T	8	36642024	T	NA	1340	0	0	0	1340	1	1	0	0	0	0	0	0	0
8:36642025:G	8	36642025	G	NA	1340	0	0	1340	0	1	1	0	0	0	0	0	0	0
8:36642026:T	8	36642026	T	NA	1340	0	0	0	1340	1	1	0	0	0	0	0	0	0
8:36642027:G	8	36642027	G	NA	1340	2	0	1338	0	1	1	0	0	0	0	0	0.00149253731343284	2
8:36642028:A	8	36642028	A	NA	1340	1340	0	0	0	1	1	0	0	0	0	0	0	0
8:36642029:C	8	36642029	C	NA	1341	2	1336	0	3	1	1	0	0	0	0	0	0.00372856077554064	5
8:36642030:C	8	36642030	C	NA	1341	0	1341	0	0	1	1	0	0	0	0	0	0	0
8:36642031:T	8	36642031	T	NA	1341	0	0	0	1341	1	1	0	0	0	0	0	0	0
8:36642032:T	8	36642032	T	NA	1858	0	0	0	1858	1	1	0	0	0	0	0	0	0
8:36642033:C	8	36642033	C	NA	1859	0	1858	1	0	1	1	0	0	0	0	0	0.000537923614846692	1
8:36642034:T	8	36642034	T	NA	1861	0	0	0	1861	1	1	0	0	0	0	0	0	0
8:36642035:T	8	36642035	T	NA	1861	0	0	0	1861	1	1	0	0	0	0	0	0	0
8:36642036:C	8	36642036	C	NA	1861	0	1861	0	0	1	1	0	0	0	0	0	0	0
8:36642037:A	8	36642037	A	NA	1861	1861	0	0	0	1	1	0	0	0	0	0	0	0
8:36642038:G	8	36642038	G	NA	1861	0	0	1861	0	1	1	0	0	0	0	0	0	0
8:36642039:T	8	36642039	T	NA	1861	0	0	0	1861	1	1	0	0	0	0	0	0	0
8:36642040:G	8	36642040	G	NA	1861	2	1	1858	0	1	1	0	0	0	0	0	0.0016120365394949	3
8:36642041:G	8	36642041	G	NA	1861	0	0	1861	0	1	1	0	0	0	0	0	0	0
8:36642042:A	8	36642042	A	NA	1861	1861	0	0	0	1	1	0	0	0	0	0	0	0
8:36642043:C	8	36642043	C	NA	1862	2	1860	0	0	1	1	0	0	0	0	0	0.00107411385606874	2
8:36642044:T	8	36642044	T	NA	1415	0	0	0	1415	1	1	0	0	0	0	0	0	0
8:36642045:C	8	36642045	C	NA	1416	1	1415	0	0	1	1	0	0	0	0	0	0.000706214689265537	1
8:36642046:A	8	36642046	A	NA	1410	1410	0	0	0	1	1	0	0	0	0	0	0	0
8:36642047:T	8	36642047	T	NA	1008	0	0	0	1008	1	1	0	0	0	0	0	0	0
8:36642048:C	8	36642048	C	NA	834	0	834	0	0	1	1	0	0	0	0	0	0	0
8:36642049:A	8	36642049	A	NA	822	822	0	0	0	1	1	0	0	0	0	0	0	0
8:36642050:T	8	36642050	T	NA	816	0	1	0	815	1	1	0	0	0	0	0	0.00122549019607843	1
8:36642051:C	8	36642051	C	NA	775	0	775	0	0	1	1	0	0	0	0	0	0	0
8:36642052:C	8	36642052	C	NA	775	0	775	0	0	1	1	0	0	0	0	0	0	0
8:36642053:T	8	36642053	T	NA	776	0	0	1	775	1	1	0	0	0	0	0	0.00128865979381443	1
8:36642054:G	8	36642054	G	NA	776	0	0	776	0	1	1	0	0	0	0	0	0	0
8:36642055:T	8	36642055	T	NA	776	0	0	0	776	1	1	0	0	0	0	0	0	0
8:36642056:T	8	36642056	T	NA	776	0	0	0	776	1	1	0	0	0	0	0	0	0
8:36642057:G	8	36642057	G	NA	776	0	0	776	0	1	1	0	0	0	0	0	0	0
8:36642058:A	8	36642058	A	NA	776	776	0	0	0	1	1	0	0	0	0	0	0	0
8:36642059:T	8	36642059	T	NA	776	0	0	0	776	1	1	0	0	0	0	0	0	0
8:36642060:C	8	36642060	C	NA	776	0	776	0	0	1	1	0	0	0	0	0	0	0
8:36642061:T	8	36642061	T	NA	776	0	0	0	776	1	1	0	0	0	0	0	0	0
8:36642062:T	8	36642062	T	NA	776	0	0	0	776	1	1	0	0	0	0	0	0	0
8:36642063:C	8	36642063	C	NA	776	1	775	0	0	1	1	0	0	0	0	0	0.00128865979381443	1
8:36642064:A	8	36642064	A	NA	776	776	0	0	0	1	1	0	0	0	0	0	0	0
8:36642065:G	8	36642065	G	NA	776	1	0	775	0	1	1	0	0	0	0	0	0.00128865979381443	1
8:36642066:G	8	36642066	G	NA	777	0	0	777	0	1	1	0	0	0	0	0	0	0
8:36642067:C	8	36642067	C	NA	777	0	777	0	0	1	1	0	0	0	0	0	0	0
8:36642068:T	8	36642068	T	NA	777	0	0	0	777	1	1	0	0	0	0	0	0	0
8:36642069:G	8	36642069	G	NA	777	0	0	777	0	1	1	0	0	0	0	0	0	0
8:36642070:A	8	36642070	A	NA	777	777	0	0	0	1	1	0	0	0	0	0	0	0
8:36642071:T	8	36642071	T	NA	777	0	0	0	777	1	1	0	0	0	0	0	0	0
8:36642072:C	8	36642072	C	NA	779	0	779	0	0	1	1	0	0	0	0	0	0	0
8:36642073:T	8	36642073	T	NA	782	0	0	0	782	1	1	0	0	0	0	0	0	0
8:36642074:G	8	36642074	G	NA	782	0	0	782	0	1	1	0	0	0	0	0	0	0
8:36642075:G	8	36642075	G	NA	782	0	0	782	0	1	1	0	0	0	0	0	0	0
8:36642076:A	8	36642076	A	NA	782	781	0	1	0	1	1	0	0	0	0	0	0.00127877237851662	1
8:36642077:G	8	36642077	G	NA	782	0	0	782	0	1	1	0	0	0	0	0	0	0
8:36642078:A	8	36642078	A	NA	782	782	0	0	0	1	1	0	0	0	0	0	0	0
8:36642079:T	8	36642079	T	NA	782	0	0	0	782	1	1	0	0	0	0	0	0	0
8:36642080:C	8	36642080	C	NA	782	0	782	0	0	1	1	0	0	0	0	0	0	0
8:36642081:T	8	36642081	T	NA	782	0	1	0	781	1	1	0	0	0	0	0	0.00127877237851662	1
8:36642082:G	8	36642082	G	NA	782	0	0	782	0	1	1	0	0	0	0	0	0	0
8:36642083:T	8	36642083	T	NA	782	0	0	0	782	1	1	0	0	0	0	0	0	0
8:36642084:T	8	36642084	T	NA	782	0	0	0	782	1	1	0	0	0	0	0	0	0
8:36642085:A	8	36642085	A	NA	782	782	0	0	0	1	1	0	0	0	0	0	0	0
8:36642086:A	8	36642086	A	NA	782	782	0	0	0	1	1	0	0	0	0	0	0	0
8:36642087:A	8	36642087	A	NA	782	782	0	0	0	1	1	0	0	0	0	0	0	0
8:36642088:A	8	36642088	A	NA	782	782	0	0	0	1	1	0	0	0	0	0	0	0
8:36642089:A	8	36642089	A	NA	993	993	0	0	0	1	1	0	0	0	0	0	0	0
8:36642090:A	8	36642090	A	NA	993	993	0	0	0	1	1	0	0	0	0	0	0	0
8:36642091:T	8	36642091	T	NA	996	0	0	0	996	1	1	0	0	0	0	0	0	0
8:36642092:G	8	36642092	G	NA	996	0	0	995	1	1	1	0	0	0	0	0	0.00100401606425703	1
8:36642093:G	8	36642093	G	NA	996	0	0	996	0	1	1	0	0	0	0	0	0	0
8:36642094:C	8	36642094	C	NA	996	0	996	0	0	1	1	0	0	0	0	0	0	0
8:36642095:A	8	36642095	A	NA	996	996	0	0	0	1	1	0	0	0	0	0	0	0
8:36642096:A	8	36642096	A	NA	996	996	0	0	0	1	1	0	0	0	0	0	0	0
8:36642097:A	8	36642097	A	NA	996	996	0	0	0	1	1	0	0	0	0	0	0	0
8:36642098:T	8	36642098	T	NA	834	2	0	0	832	1	1	0	0	0	0	0	0.00239808153477218	2
8:36642099:C	8	36642099	C	NA	834	0	834	0	0	1	1	0	0	0	0	0	0	0
8:36642100:A	8	36642100	A	NA	833	833	0	0	0	1	1	0	0	0	0	0	0	0
8:36642101:T	8	36642101	T	NA	746	0	0	0	746	1	1	0	0	0	0	0	0	0
8:36642102:C	8	36642102	C	NA	746	0	746	0	0	1	1	0	0	0	0	0	0	0
8:36642103:A	8	36642103	A	NA	746	746	0	0	0	1	1	0	0	0	0	0	0	0
8:36642104:A	8	36642104	A	NA	746	746	0	0	0	1	1	0	0	0	0	0	0	0
8:36642105:G	8	36642105	G	NA	746	0	0	746	0	1	1	0	0	0	0	0	0	0
8:36642106:G	8	36642106	G	NA	746	0	0	746	0	1	1	0	0	0	0	0	0	0
8:36642107:G	8	36642107	G	NA	746	0	0	746	0	1	1	0	0	0	0	0	0	0
8:36642108:A	8	36642108	A	NA	746	746	0	0	0	1	1	0	0	0	0	0	0	0
8:36642109:A	8	36642109	A	NA	746	746	0	0	0	1	1	0	0	0	0	0	0	0
8:36642110:C	8	36642110	C	NA	746	0	746	0	0	1	1	0	0	0	0	0	0	0
8:36642111:A	8	36642111	A	NA	746	746	0	0	0	1	1	0	0	0	0	0	0	0
8:36642112:G	8	36642112	G	NA	746	0	0	746	0	1	1	0	0	0	0	0	0	0
8:36642113:G	8	36642113	G	NA	746	0	0	746	0	1	1	0	0	0	0	0	0	0
8:36642114:A	8	36642114	A	NA	746	746	0	0	0	1	1	0	0	0	0	0	0	0
8:36642115:A	8	36642115	A	NA	746	746	0	0	0	1	1	0	0	0	0	0	0	0
8:36642116:T	8	36642116	T	NA	747	0	0	0	747	1	1	0	0	0	0	0	0	0
8:36642117:T	8	36642117	T	NA	747	0	0	0	747	1	1	0	0	0	0	0	0	0
8:36642118:A	8	36642118	A	NA	915	915	0	0	0	1	1	0	0	0	0	0	0	0
8:36642119:T	8	36642119	T	NA	1107	0	0	0	1107	1	1	0	0	0	0	0	0	0
8:36642120:C	8	36642120	C	NA	1107	3	1104	0	0	1	1	0	0	0	0	0	0.002710027100271	3
8:36642121:T	8	36642121	T	NA	1435	0	0	0	1435	1	1	0	0	0	0	0	0	0
8:36642122:T	8	36642122	T	NA	1435	0	0	0	1435	1	1	0	0	0	0	0	0	0
8:36642123:G	8	36642123	G	NA	1440	0	0	1440	0	1	1	0	0	0	0	0	0	0
8:36644823:G	8	36644823	G	NA	2216	0	0	2214	2	1	1	0	0	0	0	0	0.000902527075812274	2
8:36644824:G	8	36644824	G	NA	2216	0	0	2216	0	1	1	0	0	0	0	0	0	0
8:36644825:A	8	36644825	A	NA	2218	2218	0	0	0	1	1	0	0	0	0	0	0	0
8:36644826:A	8	36644826	A	NA	2218	2218	0	0	0	1	1	0	0	0	0	0	0	0
8:36644827:C	8	36644827	C	NA	2218	0	2218	0	0	1	1	0	0	0	0	0	0	0
8:36644828:T	8	36644828	T	NA	2218	0	0	0	2218	1	1	0	0	0	0	0	0	0
8:36644829:G	8	36644829	G	NA	2218	0	0	2218	0	1	1	0	0	0	0	0	0	0
8:36644830:T	8	36644830	T	NA	2218	0	0	0	2218	1	1	0	0	0	0	0	0	0
8:36644831:T	8	36644831	T	NA	2218	0	0	0	2218	1	1	0	0	0	0	0	0	0
8:36644832:C	8	36644832	C	NA	2219	0	2219	0	0	1	1	0	0	0	0	0	0	0
8:36644833:A	8	36644833	A	NA	2219	2219	0	0	0	1	1	0	0	0	0	0	0	0
8:36644834:C	8	36644834	C	NA	2224	0	2224	0	0	1	1	0	0	0	0	0	0	0
8:36644835:A	8	36644835	A	NA	2224	2224	0	0	0	1	1	0	0	0	0	0	0	0
8:36644836:T	8	36644836	T	NA	2225	0	0	0	2225	1	1	0	0	0	0	0	0	0
8:36644837:C	8	36644837	C	NA	2225	0	2225	0	0	1	1	0	0	0	0	0	0	0
8:36644838:A	8	36644838	A	NA	2225	2225	0	0	0	1	1	0	0	0	0	0	0	0
8:36644839:G	8	36644839	G	NA	2225	0	0	2224	1	1	1	0	0	0	0	0	0.000449438202247191	1
8:36644840:G	8	36644840	G	NA	1568	0	0	1568	0	1	1	0	0	0	0	0	0	0
8:36644841:T	8	36644841	T	NA	1568	0	0	0	1568	1	1	0	0	0	0	0	0	0
8:36644842:A	8	36644842	A	NA	1547	1547	0	0	0	1	1	0	0	0	0	0	0	0
8:36644843:C	8	36644843	C	NA	1548	0	1547	1	0	1	1	0	0	0	0	0	0.000645994832041344	1
8:36644844:C	8	36644844	C	NA	1548	0	1548	0	0	1	1	0	0	0	0	0	0	0
8:36644845:A	8	36644845	A	NA	1548	1548	0	0	0	1	1	0	0	0	0	0	0	0
8:36644846:T	8	36644846	T	NA	1548	0	0	0	1548	1	1	0	0	0	0	0	0	0
8:36644847:C	8	36644847	C	NA	1548	0	1548	0	0	1	1	0	0	0	0	0	0	0
8:36644848:G	8	36644848	G	NA	1548	0	0	1548	0	1	1	0	0	0	0	0	0	0
8:36644849:C	8	36644849	C	NA	1548	0	1548	0	0	1	1	0	0	0	0	0	0	0
8:36644850:T	8	36644850	T	NA	1548	0	0	0	1548	1	1	0	0	0	0	0	0	0
8:36644851:A	8	36644851	A	NA	1548	1548	0	0	0	1	1	0	0	0	0	0	0	0
8:36644852:G	8	36644852	G	NA	1548	0	0	1548	0	1	1	0	0	0	0	0	0	0
8:36644853:G	8	36644853	G	NA	1548	1	0	1547	0	1	1	0	0	0	0	0	0.000645994832041344	1
8:36644854:A	8	36644854	A	NA	1548	1548	0	0	0	1	1	0	0	0	0	0	0	0
8:36644855:G	8	36644855	G	NA	1548	0	0	1548	0	1	1	0	0	0	0	0	0	0
8:36644856:C	8	36644856	C	NA	1604	0	1604	0	0	1	1	0	0	0	0	0	0	0
8:36644857:C	8	36644857	C	NA	1604	0	1604	0	0	1	1	0	0	0	0	0	0	0
8:36644858:A	8	36644858	A	NA	1605	1605	0	0	0	1	1	0	0	0	0	0	0	0
8:36644859:T	8	36644859	T	NA	1605	0	0	0	1605	1	1	0	0	0	0	0	0	0
8:36644860:G	8	36644860	G	NA	1605	0	0	1605	0	1	1	0	0	0	0	0	0	0
8:36644861:T	8	36644861	T	NA	1605	0	0	0	1605	1	1	0	0	0	0	0	0	0
8:36644862:A	8	36644862	A	NA	1605	1605	0	0	0	1	1	0	0	0	0	0	0	0
8:36644863:A	8	36644863	A	NA	1578	1578	0	0	0	1	1	0	0	0	0	0	0	0
8:36644864:G	8	36644864	G	NA	1578	0	0	1578	0	1	1	0	0	0	0	0	0	0
8:36644865:A	8	36644865	A	NA	1576	1576	0	0	0	1	1	0	0	0	0	0	0	0
8:36644866:A	8	36644866	A	NA	1576	1576	0	0	0	1	1	0	0	0	0	0	0	0
8:36644867:G	8	36644867	G	NA	1576	0	0	1576	0	1	1	0	0	0	0	0	0	0
8:36644868:C	8	36644868	C	NA	1552	1	1551	0	0	1	1	0	0	0	0	0	0.000644329896907216	1
8:36644869:C	8	36644869	C	NA	1552	0	1552	0	0	1	1	0	0	0	0	0	0	0
8:36644870:T	8	36644870	T	NA	1552	0	1	0	1551	1	1	0	0	0	0	0	0.000644329896907216	1
8:36644871:C	8	36644871	C	NA	1552	0	1551	1	0	1	1	0	0	0	0	0	0.000644329896907216	1
8:36644872:C	8	36644872	C	NA	1552	3	1549	0	0	1	1	0	0	0	0	0	0.00193298969072165	3
8:36644873:A	8	36644873	A	NA	1552	1552	0	0	0	1	1	0	0	0	0	0	0	0
8:36644874:C	8	36644874	C	NA	1552	0	1551	0	1	1	1	0	0	0	0	0	0.000644329896907216	1
8:36644875:T	8	36644875	T	NA	1552	0	0	0	1552	1	1	0	0	0	0	0	0	0
8:36644876:T	8	36644876	T	NA	1552	0	1	0	1551	1	1	0	0	0	0	0	0.000644329896907216	1
8:36644877:C	8	36644877	C	NA	1552	0	1552	0	0	1	1	0	0	0	0	0	0	0
8:36644878:C	8	36644878	C	NA	1552	0	1550	0	2	1	1	0	0	0	0	0	0.00128865979381443	2
8:36644879:A	8	36644879	A	NA	1552	1552	0	0	0	1	1	0	0	0	0	0	0	0
8:36644880:G	8	36644880	G	NA	1996	0	0	1996	0	1	1	0	0	0	0	0	0	0
8:36644881:G	8	36644881	G	NA	2646	0	0	2646	0	1	1	0	0	0	0	0	0	0
8:36644882:G	8	36644882	G	NA	2646	0	0	2646	0	1	1	0	0	0	0	0	0	0
8:36644883:A	8	36644883	A	NA	2654	2651	0	3	0	1	1	0	0	0	0	0	0.00113036925395629	3
8:36644884:C	8	36644884	C	NA	2654	0	2654	0	0	1	1	0	0	0	0	0	0	0
8:36644885:A	8	36644885	A	NA	2654	2654	0	0	0	1	1	0	0	0	0	0	0	0
8:36644886:A	8	36644886	A	NA	2654	2654	0	0	0	1	1	0	0	0	0	0	0	0
8:36644887:T	8	36644887	T	NA	2654	0	1	0	2653	1	1	0	0	0	0	0	0.000376789751318764	1
8:36644888:T	8	36644888	T	NA	2655	0	1	0	2654	1	1	0	0	0	0	0	0.000376647834274953	1
8:36644889:T	8	36644889	T	NA	2655	0	0	0	2655	1	1	0	0	0	0	0	0	0
8:36644890:C	8	36644890	C	NA	2655	0	2655	0	0	1	1	0	0	0	0	0	0	0
8:36644891:G	8	36644891	G	NA	2655	1	0	2653	1	1	1	0	0	0	0	0	0.000753295668549906	2
8:36644892:T	8	36644892	T	NA	3068	0	0	0	3068	1	1	0	0	0	0	0	0	0
8:36644893:G	8	36644893	G	NA	2379	0	0	2379	0	1	1	0	0	0	0	0	0	0
8:36644894:A	8	36644894	A	NA	2384	2383	0	1	0	1	1	0	0	0	0	0	0.000419463087248322	1
8:36644895:T	8	36644895	T	NA	1917	1	0	0	1916	1	1	0	0	0	0	0	0.000521648408972353	1
8:36644896:C	8	36644896	C	NA	1913	0	1913	0	0	1	1	0	0	0	0	0	0	0
8:36644897:A	8	36644897	A	NA	1892	1892	0	0	0	1	1	0	0	0	0	0	0	0
8:36644898:T	8	36644898	T	NA	1892	0	0	0	1892	1	1	0	0	0	0	0	0	0
8:36644899:A	8	36644899	A	NA	1892	1892	0	0	0	1	1	0	0	0	0	0	0	0
8:36644900:T	8	36644900	T	NA	1892	0	0	0	1892	1	1	0	0	0	0	0	0	0
8:36644901:A	8	36644901	A	NA	1892	1892	0	0	0	1	1	0	0	0	0	0	0	0
8:36644902:G	8	36644902	G	NA	1892	0	0	1892	0	1	1	0	0	0	0	0	0	0
8:36644903:A	8	36644903	A	NA	1891	1891	0	0	0	1	1	0	0	0	0	0	0	0
8:36644904:A	8	36644904	A	NA	1890	1890	0	0	0	1	1	0	0	0	0	0	0	0
8:36644905:A	8	36644905	A	NA	1890	1890	0	0	0	1	1	0	0	0	0	0	0	0
8:36644906:T	8	36644906	T	NA	1890	0	0	0	1890	1	1	0	0	0	0	0	0	0
8:36644907:G	8	36644907	G	NA	1746	0	0	1746	0	1	1	0	0	0	0	0	0	0
8:36644908:T	8	36644908	T	NA	1743	0	0	0	1743	1	1	0	0	0	0	0	0	0
8:36644909:T	8	36644909	T	NA	1742	0	1	0	1741	1	1	0	0	0	0	0	0.000574052812858783	1
8:36644910:G	8	36644910	G	NA	1590	0	0	1590	0	1	1	0	0	0	0	0	0	0
8:36644911:C	8	36644911	C	NA	1590	0	1590	0	0	1	1	0	0	0	0	0	0	0
8:36644912:T	8	36644912	T	NA	1589	0	0	0	1589	1	1	0	0	0	0	0	0	0
8:36644913:T	8	36644913	T	NA	1589	0	0	0	1589	1	1	0	0	0	0	0	0	0
8:36644914:T	8	36644914	T	NA	1589	0	0	0	1589	1	1	0	0	0	0	0	0	0
8:36644915:C	8	36644915	C	NA	1589	0	1589	0	0	1	1	0	0	0	0	0	0	0
8:36644916:A	8	36644916	A	NA	1589	1589	0	0	0	1	1	0	0	0	0	0	0	0
8:36644917:G	8	36644917	G	NA	1588	0	0	1588	0	1	1	0	0	0	0	0	0	0
8:36644918:C	8	36644918	C	NA	1588	0	1588	0	0	1	1	0	0	0	0	0	0	0
8:36644919:C	8	36644919	C	NA	1593	0	1592	1	0	1	1	0	0	0	0	0	0.000627746390458255	1
8:36644920:C	8	36644920	C	NA	1594	0	1594	0	0	1	1	0	0	0	0	0	0	0
8:36644921:A	8	36644921	A	NA	1595	1595	0	0	0	1	1	0	0	0	0	0	0	0
8:36644922:G	8	36644922	G	NA	1596	0	0	1596	0	1	1	0	0	0	0	0	0	0
8:36644923:A	8	36644923	A	NA	1596	1596	0	0	0	1	1	0	0	0	0	0	0	0
8:36644924:C	8	36644924	C	NA	1597	0	1597	0	0	1	1	0	0	0	0	0	0	0
8:36644925:C	8	36644925	C	NA	1597	0	1597	0	0	1	1	0	0	0	0	0	0	0
8:36644926:T	8	36644926	T	NA	1595	0	0	0	1595	1	1	0	0	0	0	0	0	0
8:36644927:T	8	36644927	T	NA	1595	0	0	0	1595	1	1	0	0	0	0	0	0	0
8:36644928:T	8	36644928	T	NA	1595	0	0	0	1595	1	1	0	0	0	0	0	0	0
8:36644929:G	8	36644929	G	NA	1595	1	0	1594	0	1	1	0	0	0	0	0	0.000626959247648903	1
8:36644930:T	8	36644930	T	NA	1595	0	0	0	1595	1	1	0	0	0	0	0	0	0
8:36644931:G	8	36644931	G	NA	1596	0	0	1596	0	1	1	0	0	0	0	0	0	0
8:36644932:G	8	36644932	G	NA	1961	0	0	1961	0	1	1	0	0	0	0	0	0	0
8:36644933:G	8	36644933	G	NA	1960	0	0	1960	0	1	1	0	0	0	0	0	0	0
8:36644934:G	8	36644934	G	NA	1960	0	0	1960	0	1	1	0	0	0	0	0	0	0
8:36644935:C	8	36644935	C	NA	1956	1	1955	0	0	1	1	0	0	0	0	0	0.000511247443762781	1
8:36644936:A	8	36644936	A	NA	1957	1957	0	0	0	1	1	0	0	0	0	0	0	0
8:36644937:A	8	36644937	A	NA	1956	1956	0	0	0	1	1	0	0	0	0	0	0	0
8:36644938:G	8	36644938	G	NA	1956	0	0	1956	0	1	1	0	0	0	0	0	0	0
8:36644939:T	8	36644939	T	NA	1956	0	0	0	1956	1	1	0	0	0	0	0	0	0
8:36644940:G	8	36644940	G	NA	1956	0	0	1956	0	1	1	0	0	0	0	0	0	0
8:36644941:T	8	36644941	T	NA	1957	0	0	0	1957	1	1	0	0	0	0	0	0	0
8:36644942:T	8	36644942	T	NA	2092	0	0	0	2092	1	1	0	0	0	0	0	0	0
8:36644943:G	8	36644943	G	NA	2092	2	0	2090	0	1	1	0	0	0	0	0	0.000956022944550669	2
8:36661544:G	8	36661544	G	NA	1299	0	0	1299	0	1	1	0	0	0	0	0	0	0
8:36661545:G	8	36661545	G	NA	1299	0	0	1299	0	1	1	0	0	0	0	0	0	0
8:36661546:T	8	36661546	T	NA	1299	0	0	0	1299	1	1	0	0	0	0	0	0	0
8:36661547:G	8	36661547	G	NA	1299	0	0	1299	0	1	1	0	0	0	0	0	0	0
8:36661548:A	8	36661548	A	NA	1299	1299	0	0	0	1	1	0	0	0	0	0	0	0
8:36661549:T	8	36661549	T	NA	1299	0	0	0	1299	1	1	0	0	0	0	0	0	0
8:36661550:C	8	36661550	C	NA	1299	1	1298	0	0	1	1	0	0	0	0	0	0.000769822940723634	1
8:36661551:C	8	36661551	C	NA	1299	0	1299	0	0	1	1	0	0	0	0	0	0	0
8:36661552:T	8	36661552	T	NA	1299	0	1	0	1298	1	1	0	0	0	0	0	0.000769822940723634	1
8:36661553:T	8	36661553	T	NA	1300	0	0	0	1300	1	1	0	0	0	0	0	0	0
8:36661554:G	8	36661554	G	NA	1300	0	0	1300	0	1	1	0	0	0	0	0	0	0
8:36661555:T	8	36661555	T	NA	1300	0	0	1	1299	1	1	0	0	0	0	0	0.000769230769230769	1
8:36661556:C	8	36661556	C	NA	1300	0	1300	0	0	1	1	0	0	0	0	0	0	0
8:36661557:T	8	36661557	T	NA	1300	0	0	0	1300	1	1	0	0	0	0	0	0	0
8:36661558:T	8	36661558	T	NA	1300	0	0	0	1300	1	1	0	0	0	0	0	0	0
8:36661559:T	8	36661559	T	NA	1300	0	0	0	1300	1	1	0	0	0	0	0	0	0
8:36661560:G	8	36661560	G	NA	808	0	0	808	0	1	1	0	0	0	0	0	0	0
8:36661561:T	8	36661561	T	NA	808	0	0	0	808	1	1	0	0	0	0	0	0	0
8:36661562:A	8	36661562	A	NA	800	800	0	0	0	1	1	0	0	0	0	0	0	0
8:36661563:C	8	36661563	C	NA	800	0	800	0	0	1	1	0	0	0	0	0	0	0
8:36661564:T	8	36661564	T	NA	800	0	0	0	800	1	1	0	0	0	0	0	0	0
8:36661565:A	8	36661565	A	NA	800	800	0	0	0	1	1	0	0	0	0	0	0	0
8:36661566:A	8	36661566	A	NA	800	800	0	0	0	1	1	0	0	0	0	0	0	0
8:36661567:G	8	36661567	G	NA	800	0	0	800	0	1	1	0	0	0	0	0	0	0
8:36661568:C	8	36661568	C	NA	800	0	800	0	0	1	1	0	0	0	0	0	0	0
8:36661569:A	8	36661569	A	NA	800	800	0	0	0	1	1	0	0	0	0	0	0	0
8:36661570:T	8	36661570	T	NA	800	0	0	0	800	1	1	0	0	0	0	0	0	0
8:36661571:T	8	36661571	T	NA	800	0	0	0	800	1	1	0	0	0	0	0	0	0
8:36661572:G	8	36661572	G	NA	800	0	0	800	0	1	1	0	0	0	0	0	0	0
8:36661573:G	8	36661573	G	NA	800	0	0	798	2	1	1	0	0	0	0	0	0.0025	2
8:36661574:G	8	36661574	G	NA	800	0	0	800	0	1	1	0	0	0	0	0	0	0
8:36661575:T	8	36661575	T	NA	800	0	0	0	800	1	1	0	0	0	0	0	0	0
8:36661576:C	8	36661576	C	NA	800	0	800	0	0	1	1	0	0	0	0	0	0	0
8:36661577:T	8	36661577	T	NA	800	0	0	0	800	1	1	0	0	0	0	0	0	0
8:36661578:C	8	36661578	C	NA	800	0	800	0	0	1	1	0	0	0	0	0	0	0
8:36661579:T	8	36661579	T	NA	800	0	1	0	799	1	1	0	0	0	0	0	0.00125	1
8:36661580:T	8	36661580	T	NA	800	0	0	0	800	1	1	0	0	0	0	0	0	0
8:36661581:A	8	36661581	A	NA	800	799	1	0	0	1	1	0	0	0	0	0	0.00125	1
8:36661582:T	8	36661582	T	NA	672	0	0	0	672	1	1	0	0	0	0	0	0	0
8:36661583:A	8	36661583	A	NA	672	672	0	0	0	1	1	0	0	0	0	0	0	0
8:36661584:A	8	36661584	A	NA	672	672	0	0	0	1	1	0	0	0	0	0	0	0
8:36661585:T	8	36661585	T	NA	672	0	0	0	672	1	1	0	0	0	0	0	0	0
8:36661586:C	8	36661586	C	NA	672	0	672	0	0	1	1	0	0	0	0	0	0	0
8:36661587:T	8	36661587	T	NA	672	0	0	0	672	1	1	0	0	0	0	0	0	0
8:36661588:A	8	36661588	A	NA	672	672	0	0	0	1	1	0	0	0	0	0	0	0
8:36661589:T	8	36661589	T	NA	672	0	0	0	672	1	1	0	0	0	0	0	0	0
8:36661590:T	8	36661590	T	NA	672	0	0	0	672	1	1	0	0	0	0	0	0	0
8:36661591:T	8	36661591	T	NA	672	0	0	0	672	1	1	0	0	0	0	0	0	0
8:36661592:C	8	36661592	C	NA	672	0	672	0	0	1	1	0	0	0	0	0	0	0
8:36661593:A	8	36661593	A	NA	672	672	0	0	0	1	1	0	0	0	0	0	0	0
8:36661594:T	8	36661594	T	NA	672	0	0	0	672	1	1	0	0	0	0	0	0	0
8:36661595:C	8	36661595	C	NA	672	0	672	0	0	1	1	0	0	0	0	0	0	0
8:36661596:A	8	36661596	A	NA	672	672	0	0	0	1	1	0	0	0	0	0	0	0
8:36661597:A	8	36661597	A	NA	670	670	0	0	0	1	1	0	0	0	0	0	0	0
8:36661598:T	8	36661598	T	NA	670	0	0	0	670	1	1	0	0	0	0	0	0	0
8:36661599:T	8	36661599	T	NA	981	0	0	0	981	1	1	0	0	0	0	0	0	0
8:36661600:C	8	36661600	C	NA	1510	0	1510	0	0	1	1	0	0	0	0	0	0	0
8:36661601:T	8	36661601	T	NA	1313	0	2	0	1311	1	1	0	0	0	0	0	0.00152322924600152	2
8:36661602:G	8	36661602	G	NA	1315	0	0	1315	0	1	1	0	0	0	0	0	0	0
8:36661603:C	8	36661603	C	NA	1862	0	1862	0	0	1	1	0	0	0	0	0	0	0
8:36661604:T	8	36661604	T	NA	1434	0	0	0	1434	1	1	0	0	0	0	0	0	0
8:36661605:G	8	36661605	G	NA	1443	0	0	1443	0	1	1	0	0	0	0	0	0	0
8:36661606:A	8	36661606	A	NA	1438	1438	0	0	0	1	1	0	0	0	0	0	0	0
8:36662712:G	8	36662712	G	NA	981	2	0	979	0	1	1	0	0	0	0	0	0.00203873598369011	2
8:36662713:C	8	36662713	C	NA	981	0	981	0	0	1	1	0	0	0	0	0	0	0
8:36662714:C	8	36662714	C	NA	983	2	981	0	0	1	1	0	0	0	0	0	0.00203458799593082	2
8:36662715:C	8	36662715	C	NA	983	0	983	0	0	1	1	0	0	0	0	0	0	0
8:36662716:T	8	36662716	T	NA	983	0	0	2	981	1	1	0	0	0	0	0	0.00203458799593082	2
8:36662717:G	8	36662717	G	NA	983	0	0	983	0	1	1	0	0	0	0	0	0	0
8:36662718:T	8	36662718	T	NA	983	0	0	0	983	1	1	0	0	0	0	0	0	0
8:36662719:T	8	36662719	T	NA	983	0	2	0	981	1	1	0	0	0	0	0	0.00203458799593082	2
8:36662720:G	8	36662720	G	NA	983	0	0	983	0	1	1	0	0	0	0	0	0	0
8:36662721:G	8	36662721	G	NA	983	0	0	983	0	1	1	0	0	0	0	0	0	0
8:36662722:A	8	36662722	A	NA	983	983	0	0	0	1	1	0	0	0	0	0	0	0
8:36662723:A	8	36662723	A	NA	983	983	0	0	0	1	1	0	0	0	0	0	0	0
8:36662724:G	8	36662724	G	NA	984	0	0	984	0	1	1	0	0	0	0	0	0	0
8:36662725:C	8	36662725	C	NA	984	0	984	0	0	1	1	0	0	0	0	0	0	0
8:36662726:T	8	36662726	T	NA	984	0	0	0	984	1	1	0	0	0	0	0	0	0
8:36662727:G	8	36662727	G	NA	984	0	0	984	0	1	1	0	0	0	0	0	0	0
8:36662728:T	8	36662728	T	NA	1192	0	0	0	1192	1	1	0	0	0	0	0	0	0
8:36662729:T	8	36662729	T	NA	1192	0	0	0	1192	1	1	0	0	0	0	0	0	0
8:36662730:C	8	36662730	C	NA	1197	0	1197	0	0	1	1	0	0	0	0	0	0	0
8:36662731:A	8	36662731	A	NA	1069	1069	0	0	0	1	1	0	0	0	0	0	0	0
8:36662732:T	8	36662732	T	NA	1069	0	0	0	1069	1	1	0	0	0	0	0	0	0
8:36662733:C	8	36662733	C	NA	1067	0	1067	0	0	1	1	0	0	0	0	0	0	0
8:36662734:A	8	36662734	A	NA	1068	1067	0	0	1	1	1	0	0	0	0	0	0.000936329588014981	1
8:36662735:T	8	36662735	T	NA	1068	0	0	0	1068	1	1	0	0	0	0	0	0	0
8:36662736:A	8	36662736	A	NA	1068	1068	0	0	0	1	1	0	0	0	0	0	0	0
8:36662737:T	8	36662737	T	NA	1069	0	0	0	1069	1	1	0	0	0	0	0	0	0
8:36662738:G	8	36662738	G	NA	1069	0	0	1069	0	1	1	0	0	0	0	0	0	0
8:36662739:A	8	36662739	A	NA	1069	1069	0	0	0	1	1	0	0	0	0	0	0	0
8:36662740:A	8	36662740	A	NA	1069	1069	0	0	0	1	1	0	0	0	0	0	0	0
8:36662741:G	8	36662741	G	NA	1069	0	0	1069	0	1	1	0	0	0	0	0	0	0
8:36662742:A	8	36662742	A	NA	1070	1070	0	0	0	1	1	0	0	0	0	0	0	0
8:36662743:C	8	36662743	C	NA	1070	0	1070	0	0	1	1	0	0	0	0	0	0	0
8:36662744:A	8	36662744	A	NA	1070	1070	0	0	0	1	1	0	0	0	0	0	0	0
8:36662745:A	8	36662745	A	NA	1071	1071	0	0	0	1	1	0	0	0	0	0	0	0
8:36662746:A	8	36662746	A	NA	1071	1071	0	0	0	1	1	0	0	0	0	0	0	0
8:36662747:A	8	36662747	A	NA	1071	1071	0	0	0	1	1	0	0	0	0	0	0	0
8:36662748:C	8	36662748	C	NA	1072	0	1072	0	0	1	1	0	0	0	0	0	0	0
8:36662749:C	8	36662749	C	NA	1072	0	1072	0	0	1	1	0	0	0	0	0	0	0
8:36662750:A	8	36662750	A	NA	1072	1072	0	0	0	1	1	0	0	0	0	0	0	0
8:36662751:T	8	36662751	T	NA	1072	0	0	0	1072	1	1	0	0	0	0	0	0	0
8:36662752:T	8	36662752	T	NA	1072	0	0	0	1072	1	1	0	0	0	0	0	0	0
8:36662753:C	8	36662753	C	NA	1072	0	1072	0	0	1	1	0	0	0	0	0	0	0
8:36662754:C	8	36662754	C	NA	1072	0	1072	0	0	1	1	0	0	0	0	0	0	0
8:36662755:T	8	36662755	T	NA	1072	0	0	0	1072	1	1	0	0	0	0	0	0	0
8:36662756:A	8	36662756	A	NA	1072	1072	0	0	0	1	1	0	0	0	0	0	0	0
8:36662757:T	8	36662757	T	NA	1072	0	0	0	1072	1	1	0	0	0	0	0	0	0
8:36662758:T	8	36662758	T	NA	1072	0	0	0	1072	1	1	0	0	0	0	0	0	0
8:36662759:G	8	36662759	G	NA	1072	0	0	1072	0	1	1	0	0	0	0	0	0	0
8:36662760:A	8	36662760	A	NA	1072	1070	0	2	0	1	1	0	0	0	0	0	0.00186567164179104	2
8:36662761:T	8	36662761	T	NA	1072	0	0	0	1072	1	1	0	0	0	0	0	0	0
8:36662762:T	8	36662762	T	NA	1072	0	0	0	1072	1	1	0	0	0	0	0	0	0
8:36662763:T	8	36662763	T	NA	1072	0	0	0	1072	1	1	0	0	0	0	0	0	0
8:36662764:G	8	36662764	G	NA	1072	0	0	1072	0	1	1	0	0	0	0	0	0	0
8:36662765:G	8	36662765	G	NA	1072	0	0	1072	0	1	1	0	0	0	0	0	0	0
8:36662766:T	8	36662766	T	NA	1072	0	0	0	1072	1	1	0	0	0	0	0	0	0
8:36662767:T	8	36662767	T	NA	1072	0	0	0	1072	1	1	0	0	0	0	0	0	0
8:36662768:T	8	36662768	T	NA	1072	0	0	0	1072	1	1	0	0	0	0	0	0	0
8:36662769:T	8	36662769	T	NA	1072	0	0	0	1072	1	1	0	0	0	0	0	0	0
8:36662770:C	8	36662770	C	NA	1072	0	1072	0	0	1	1	0	0	0	0	0	0	0
8:36662771:A	8	36662771	A	NA	1072	1071	0	1	0	1	1	0	0	0	0	0	0.000932835820895522	1
8:36662772:A	8	36662772	A	NA	1072	1072	0	0	0	1	1	0	0	0	0	0	0	0
8:36662773:T	8	36662773	T	NA	1072	0	0	0	1072	1	1	0	0	0	0	0	0	0
8:36662774:G	8	36662774	G	NA	1072	0	0	1072	0	1	1	0	0	0	0	0	0	0
8:36662775:C	8	36662775	C	NA	784	0	784	0	0	1	1	0	0	0	0	0	0	0
8:36662776:T	8	36662776	T	NA	554	0	0	0	554	1	1	0	0	0	0	0	0	0
8:36662777:T	8	36662777	T	NA	549	0	0	0	549	1	1	0	0	0	0	0	0	0
8:36662778:T	8	36662778	T	NA	546	0	0	0	546	1	1	0	0	0	0	0	0	0
8:36662779:C	8	36662779	C	NA	546	0	545	1	0	1	1	0	0	0	0	0	0.00183150183150183	1
8:36662780:T	8	36662780	T	NA	546	0	0	0	546	1	1	0	0	0	0	0	0	0
8:36662781:T	8	36662781	T	NA	546	0	0	0	546	1	1	0	0	0	0	0	0	0
8:36662782:T	8	36662782	T	NA	546	0	0	0	546	1	1	0	0	0	0	0	0	0
8:36662783:A	8	36662783	A	NA	546	546	0	0	0	1	1	0	0	0	0	0	0	0
8:36662784:G	8	36662784	G	NA	608	0	0	608	0	1	1	0	0	0	0	0	0	0
8:36662785:T	8	36662785	T	NA	608	0	0	0	608	1	1	0	0	0	0	0	0	0
8:36662786:T	8	36662786	T	NA	608	0	1	0	607	1	1	0	0	0	0	0	0.00164473684210526	1
8:36662787:T	8	36662787	T	NA	608	0	0	0	608	1	1	0	0	0	0	0	0	0
8:36662788:C	8	36662788	C	NA	608	0	608	0	0	1	1	0	0	0	0	0	0	0
8:36662789:T	8	36662789	T	NA	608	0	0	0	608	1	1	0	0	0	0	0	0	0
8:36662790:A	8	36662790	A	NA	608	607	0	0	1	1	1	0	0	0	0	0	0.00164473684210526	1
8:36662791:T	8	36662791	T	NA	608	0	0	0	608	1	1	0	0	0	0	0	0	0
8:36662792:T	8	36662792	T	NA	608	0	0	0	608	1	1	0	0	0	0	0	0	0
8:36662793:T	8	36662793	T	NA	608	0	0	0	608	1	1	0	0	0	0	0	0	0
8:36662794:T	8	36662794	T	NA	608	0	0	0	608	1	1	0	0	0	0	0	0	0
8:36662795:G	8	36662795	G	NA	608	0	0	608	0	1	1	0	0	0	0	0	0	0
8:36662796:G	8	36662796	G	NA	935	0	0	935	0	1	1	0	0	0	0	0	0	0
8:36662797:A	8	36662797	A	NA	880	880	0	0	0	1	1	0	0	0	0	0	0	0
8:36662798:T	8	36662798	T	NA	883	0	0	0	883	1	1	0	0	0	0	0	0	0
8:36662799:T	8	36662799	T	NA	883	0	0	0	883	1	1	0	0	0	0	0	0	0
8:36662800:G	8	36662800	G	NA	883	0	0	883	0	1	1	0	0	0	0	0	0	0
8:36662801:A	8	36662801	A	NA	883	883	0	0	0	1	1	0	0	0	0	0	0	0
8:36662802:G	8	36662802	G	NA	883	0	0	883	0	1	1	0	0	0	0	0	0	0
8:36662803:G	8	36662803	G	NA	883	0	0	883	0	1	1	0	0	0	0	0	0	0
8:36663786:G	8	36663786	G	NA	1803	0	0	1803	0	1	1	0	0	0	0	0	0	0
8:36663787:T	8	36663787	T	NA	1803	0	0	0	1803	1	1	0	0	0	0	0	0	0
8:36663788:T	8	36663788	T	NA	1803	0	0	0	1803	1	1	0	0	0	0	0	0	0
8:36663789:T	8	36663789	T	NA	1803	0	0	0	1803	1	1	0	0	0	0	0	0	0
8:36663790:A	8	36663790	A	NA	1803	1803	0	0	0	1	1	0	0	0	0	0	0	0
8:36663791:T	8	36663791	T	NA	1803	0	0	0	1803	1	1	0	0	0	0	0	0	0
8:36663792:G	8	36663792	G	NA	1803	0	0	1803	0	1	1	0	0	0	0	0	0	0
8:36663793:G	8	36663793	G	NA	1803	0	0	1803	0	1	1	0	0	0	0	0	0	0
8:36663794:C	8	36663794	C	NA	1803	1	1802	0	0	1	1	0	0	0	0	0	0.000554631170271769	1
8:36663795:A	8	36663795	A	NA	1803	1802	1	0	0	1	1	0	0	0	0	0	0.000554631170271769	1
8:36663796:G	8	36663796	G	NA	1803	0	0	1803	0	1	1	0	0	0	0	0	0	0
8:36663797:C	8	36663797	C	NA	1803	3	1800	0	0	1	1	0	0	0	0	0	0.00166389351081531	3
8:36663798:T	8	36663798	T	NA	1803	0	0	0	1803	1	1	0	0	0	0	0	0	0
8:36663799:G	8	36663799	G	NA	1803	0	0	1803	0	1	1	0	0	0	0	0	0	0
8:36663800:A	8	36663800	A	NA	1942	1942	0	0	0	1	1	0	0	0	0	0	0	0
8:36663801:T	8	36663801	T	NA	1942	0	0	0	1942	1	1	0	0	0	0	0	0	0
8:36663802:G	8	36663802	G	NA	1943	0	0	1943	0	1	1	0	0	0	0	0	0	0
8:36663803:A	8	36663803	A	NA	1943	1942	0	0	1	1	1	0	0	0	0	0	0.000514668039114771	1
8:36663804:C	8	36663804	C	NA	1943	0	1943	0	0	1	1	0	0	0	0	0	0	0
8:36663805:A	8	36663805	A	NA	1943	1943	0	0	0	1	1	0	0	0	0	0	0	0
8:36663806:A	8	36663806	A	NA	1943	1941	0	2	0	1	1	0	0	0	0	0	0.00102933607822954	2
8:36663807:G	8	36663807	G	NA	1943	0	0	1943	0	1	1	0	0	0	0	0	0	0
8:36663808:A	8	36663808	A	NA	1943	1943	0	0	0	1	1	0	0	0	0	0	0	0
8:36663809:T	8	36663809	T	NA	1943	0	4	0	1939	1	1	0	0	0	0	0	0.00205867215645908	4
8:36663810:C	8	36663810	C	NA	1943	0	1943	0	0	1	1	0	0	0	0	0	0	0
8:36663811:A	8	36663811	A	NA	1843	1843	0	0	0	1	1	0	0	0	0	0	0	0
8:36663812:A	8	36663812	A	NA	1527	1527	0	0	0	1	1	0	0	0	0	0	0	0
8:36663813:G	8	36663813	G	NA	1526	0	0	1526	0	1	1	0	0	0	0	0	0	0
8:36663814:T	8	36663814	T	NA	1220	0	0	2	1218	1	1	0	0	0	0	0	0.00163934426229508	2
8:36663815:T	8	36663815	T	NA	1219	0	0	0	1219	1	1	0	0	0	0	0	0	0
8:36663816:C	8	36663816	C	NA	1209	0	1209	0	0	1	1	0	0	0	0	0	0	0
8:36663817:T	8	36663817	T	NA	1209	0	0	0	1209	1	1	0	0	0	0	0	0	0
8:36663818:G	8	36663818	G	NA	1209	0	0	1209	0	1	1	0	0	0	0	0	0	0
8:36663819:G	8	36663819	G	NA	1207	0	0	1207	0	1	1	0	0	0	0	0	0	0
8:36663820:C	8	36663820	C	NA	1207	1	1205	1	0	1	1	0	0	0	0	0	0.00165700082850041	2
8:36663821:T	8	36663821	T	NA	1207	0	0	0	1207	1	1	0	0	0	0	0	0	0
8:36663822:G	8	36663822	G	NA	1207	0	0	1207	0	1	1	0	0	0	0	0	0	0
8:36663823:G	8	36663823	G	NA	1207	0	0	1207	0	1	1	0	0	0	0	0	0	0
8:36663824:A	8	36663824	A	NA	1207	1206	0	1	0	1	1	0	0	0	0	0	0.000828500414250207	1
8:36663825:G	8	36663825	G	NA	1207	0	0	1207	0	1	1	0	0	0	0	0	0	0
8:36663826:A	8	36663826	A	NA	1207	1207	0	0	0	1	1	0	0	0	0	0	0	0
8:36663827:T	8	36663827	T	NA	1207	0	2	0	1205	1	1	0	0	0	0	0	0.00165700082850041	2
8:36663828:G	8	36663828	G	NA	1207	0	0	1207	0	1	1	0	0	0	0	0	0	0
8:36663829:A	8	36663829	A	NA	1207	1207	0	0	0	1	1	0	0	0	0	0	0	0
8:36663830:A	8	36663830	A	NA	1207	1204	0	3	0	1	1	0	0	0	0	0	0.00248550124275062	3
8:36663831:T	8	36663831	T	NA	1207	0	0	0	1207	1	1	0	0	0	0	0	0	0
8:36663832:T	8	36663832	T	NA	1207	0	0	0	1207	1	1	0	0	0	0	0	0	0
8:36663833:C	8	36663833	C	NA	1207	0	1207	0	0	1	1	0	0	0	0	0	0	0
8:36663834:A	8	36663834	A	NA	1205	1205	0	0	0	1	1	0	0	0	0	0	0	0
8:36663835:A	8	36663835	A	NA	1204	1202	2	0	0	1	1	0	0	0	0	0	0.00166112956810631	2
8:36663836:T	8	36663836	T	NA	1204	0	0	0	1204	1	1	0	0	0	0	0	0	0
8:36663837:C	8	36663837	C	NA	1204	0	1204	0	0	1	1	0	0	0	0	0	0	0
8:36663838:G	8	36663838	G	NA	1204	0	0	1204	0	1	1	0	0	0	0	0	0	0
8:36663839:T	8	36663839	T	NA	1204	0	0	0	1204	1	1	0	0	0	0	0	0	0
8:36663840:A	8	36663840	A	NA	1204	1204	0	0	0	1	1	0	0	0	0	0	0	0
8:36663841:G	8	36663841	G	NA	1204	0	0	1204	0	1	1	0	0	0	0	0	0	0
8:36663842:A	8	36663842	A	NA	1126	1126	0	0	0	1	1	0	0	0	0	0	0	0
8:36663843:C	8	36663843	C	NA	1051	0	1051	0	0	1	1	0	0	0	0	0	0	0
8:36663844:A	8	36663844	A	NA	1049	1048	1	0	0	1	1	0	0	0	0	0	0.000953288846520496	1
8:36663845:T	8	36663845	T	NA	1048	0	0	0	1048	1	1	0	0	0	0	0	0	0
8:36663846:C	8	36663846	C	NA	1048	0	1048	0	0	1	1	0	0	0	0	0	0	0
8:36663847:T	8	36663847	T	NA	1048	0	0	0	1048	1	1	0	0	0	0	0	0	0
8:36663848:T	8	36663848	T	NA	1048	0	0	0	1048	1	1	0	0	0	0	0	0	0
8:36663849:T	8	36663849	T	NA	1048	0	0	0	1048	1	1	0	0	0	0	0	0	0
8:36663850:A	8	36663850	A	NA	1048	1048	0	0	0	1	1	0	0	0	0	0	0	0
8:36663851:C	8	36663851	C	NA	1048	0	1048	0	0	1	1	0	0	0	0	0	0	0
8:36663852:C	8	36663852	C	NA	1048	0	1048	0	0	1	1	0	0	0	0	0	0	0
8:36663853:A	8	36663853	A	NA	1048	1048	0	0	0	1	1	0	0	0	0	0	0	0
8:36663854:T	8	36663854	T	NA	1047	0	0	0	1047	1	1	0	0	0	0	0	0	0
8:36663855:C	8	36663855	C	NA	1047	0	1047	0	0	1	1	0	0	0	0	0	0	0
8:36663856:C	8	36663856	C	NA	1046	0	1046	0	0	1	1	0	0	0	0	0	0	0
8:36663857:C	8	36663857	C	NA	1046	0	1046	0	0	1	1	0	0	0	0	0	0	0
8:36663858:A	8	36663858	A	NA	1046	1046	0	0	0	1	1	0	0	0	0	0	0	0
8:36663859:C	8	36663859	C	NA	1046	0	1046	0	0	1	1	0	0	0	0	0	0	0
8:36663860:C	8	36663860	C	NA	1046	0	1046	0	0	1	1	0	0	0	0	0	0	0
8:36663861:A	8	36663861	A	NA	1046	1046	0	0	0	1	1	0	0	0	0	0	0	0
8:36663862:A	8	36663862	A	NA	600	600	0	0	0	1	1	0	0	0	0	0	0	0
8:36663863:C	8	36663863	C	NA	600	0	600	0	0	1	1	0	0	0	0	0	0	0
8:36663864:C	8	36663864	C	NA	600	0	600	0	0	1	1	0	0	0	0	0	0	0
8:36663865:T	8	36663865	T	NA	155	0	0	0	155	1	1	0	0	0	0	0	0	0
8:36663866:T	8	36663866	T	NA	155	0	0	0	155	1	1	0	0	0	0	0	0	0
8:36663867:T	8	36663867	T	NA	144	0	0	0	144	1	1	0	0	0	0	0	0	0
8:36663868:A	8	36663868	A	NA	143	143	0	0	0	1	1	0	0	0	0	0	0	0
8:36663869:T	8	36663869	T	NA	143	0	0	0	143	1	1	0	0	0	0	0	0	0
8:36663870:T	8	36663870	T	NA	143	0	0	0	143	1	1	0	0	0	0	0	0	0
8:36663871:T	8	36663871	T	NA	143	0	0	0	143	1	1	0	0	0	0	0	0	0
8:36663872:C	8	36663872	C	NA	143	0	143	0	0	1	1	0	0	0	0	0	0	0
8:36663873:T	8	36663873	T	NA	141	0	0	0	141	1	1	0	0	0	0	0	0	0
8:36663874:T	8	36663874	T	NA	141	0	0	0	141	1	1	0	0	0	0	0	0	0
8:36663875:A	8	36663875	A	NA	141	141	0	0	0	1	1	0	0	0	0	0	0	0
8:36663876:T	8	36663876	T	NA	141	0	0	0	141	1	1	0	0	0	0	0	0	0
8:36663877:T	8	36663877	T	NA	141	0	0	0	141	1	1	0	0	0	0	0	0	0
8:36663878:A	8	36663878	A	NA	140	140	0	0	0	1	1	0	0	0	0	0	0	0
8:36663879:T	8	36663879	T	NA	140	0	0	0	140	1	1	0	0	0	0	0	0	0
8:36663880:T	8	36663880	T	NA	140	0	0	0	140	1	1	0	0	0	0	0	0	0
8:36663881:T	8	36663881	T	NA	140	0	0	0	140	1	1	0	0	0	0	0	0	0
8:36663882:G	8	36663882	G	NA	140	0	0	140	0	1	1	0	0	0	0	0	0	0
8:36663883:A	8	36663883	A	NA	140	140	0	0	0	1	1	0	0	0	0	0	0	0
8:36663884:A	8	36663884	A	NA	140	140	0	0	0	1	1	0	0	0	0	0	0	0
8:36663885:G	8	36663885	G	NA	140	0	0	140	0	1	1	0	0	0	0	0	0	0
8:36663886:A	8	36663886	A	NA	140	140	0	0	0	1	1	0	0	0	0	0	0	0
8:36663887:G	8	36663887	G	NA	140	0	0	140	0	1	1	0	0	0	0	0	0	0
8:36663888:C	8	36663888	C	NA	140	0	140	0	0	1	1	0	0	0	0	0	0	0
8:36663889:A	8	36663889	A	NA	140	140	0	0	0	1	1	0	0	0	0	0	0	0
8:36663890:A	8	36663890	A	NA	140	140	0	0	0	1	1	0	0	0	0	0	0	0
8:36663891:T	8	36663891	T	NA	140	0	0	0	140	1	1	0	0	0	0	0	0	0
8:36663892:T	8	36663892	T	NA	140	0	0	0	140	1	1	0	0	0	0	0	0	0
8:36663893:G	8	36663893	G	NA	140	0	0	140	0	1	1	0	0	0	0	0	0	0
8:36663894:G	8	36663894	G	NA	140	0	0	140	0	1	1	0	0	0	0	0	0	0
8:36663895:C	8	36663895	C	NA	140	0	140	0	0	1	1	0	0	0	0	0	0	0
8:36663896:T	8	36663896	T	NA	140	0	0	0	140	1	1	0	0	0	0	0	0	0
8:36663897:A	8	36663897	A	NA	140	140	0	0	0	1	1	0	0	0	0	0	0	0
8:36663898:G	8	36663898	G	NA	140	0	0	140	0	1	1	0	0	0	0	0	0	0
8:36664892:G	8	36664892	G	NA	2991	0	0	2991	0	1	1	0	0	0	0	0	0	0
8:36664893:G	8	36664893	G	NA	2991	0	0	2991	0	1	1	0	0	0	0	0	0	0
8:36664894:T	8	36664894	T	NA	2991	0	0	0	2991	1	1	0	0	0	0	0	0	0
8:36664895:T	8	36664895	T	NA	2991	0	0	1	2990	1	1	0	0	0	0	0	0.000334336342360415	1
8:36664896:T	8	36664896	T	NA	2991	0	0	0	2991	1	1	0	0	0	0	0	0	0
8:36664897:A	8	36664897	A	NA	2992	2992	0	0	0	1	1	0	0	0	0	0	0	0
8:36664898:A	8	36664898	A	NA	2992	2992	0	0	0	1	1	0	0	0	0	0	0	0
8:36664899:G	8	36664899	G	NA	2992	0	0	2992	0	1	1	0	0	0	0	0	0	0
8:36664900:G	8	36664900	G	NA	2992	0	0	2992	0	1	1	0	0	0	0	0	0	0
8:36664901:T	8	36664901	T	NA	3247	0	0	0	3247	1	1	0	0	0	0	0	0	0
8:36664902:T	8	36664902	T	NA	3247	0	0	0	3247	1	1	0	0	0	0	0	0	0
8:36664903:C	8	36664903	C	NA	3251	5	3246	0	0	1	1	0	0	0	0	0	0.00153798831128883	5
8:36664904:C	8	36664904	C	NA	3251	2	3249	0	0	1	1	0	0	0	0	0	0.000615195324515534	2
8:36664905:T	8	36664905	T	NA	3251	0	0	0	3251	1	1	0	0	0	0	0	0	0
8:36664906:A	8	36664906	A	NA	3251	3251	0	0	0	1	1	0	0	0	0	0	0	0
8:36664907:A	8	36664907	A	NA	3251	3250	0	1	0	1	1	0	0	0	0	0	0.000307597662257767	1
8:36664908:G	8	36664908	G	NA	3251	0	0	3251	0	1	1	0	0	0	0	0	0	0
8:36664909:A	8	36664909	A	NA	3251	3249	0	2	0	1	1	0	0	0	0	0	0.000615195324515534	2
8:36664910:G	8	36664910	G	NA	3251	0	0	3251	0	1	1	0	0	0	0	0	0	0
8:36664911:C	8	36664911	C	NA	3445	3	3441	1	0	1	1	0	0	0	0	0	0.0011611030478955	4
8:36664912:C	8	36664912	C	NA	3442	0	3442	0	0	1	1	0	0	0	0	0	0	0
8:36664913:T	8	36664913	T	NA	2885	0	0	0	2885	1	1	0	0	0	0	0	0	0
8:36664914:T	8	36664914	T	NA	2885	0	0	0	2885	1	1	0	0	0	0	0	0	0
8:36664915:G	8	36664915	G	NA	2885	0	0	2885	0	1	1	0	0	0	0	0	0	0
8:36664916:C	8	36664916	C	NA	2884	0	2884	0	0	1	1	0	0	0	0	0	0	0
8:36664917:G	8	36664917	G	NA	2884	0	0	2884	0	1	1	0	0	0	0	0	0	0
8:36664918:C	8	36664918	C	NA	2884	0	2884	0	0	1	1	0	0	0	0	0	0	0
8:36664919:C	8	36664919	C	NA	2884	0	2884	0	0	1	1	0	0	0	0	0	0	0
8:36664920:T	8	36664920	T	NA	2883	0	0	0	2883	1	1	0	0	0	0	0	0	0
8:36664921:G	8	36664921	G	NA	2881	1	0	2880	0	1	1	0	0	0	0	0	0.000347101700798334	1
8:36664922:C	8	36664922	C	NA	2880	0	2880	0	0	1	1	0	0	0	0	0	0	0
8:36664923:T	8	36664923	T	NA	2398	0	0	0	2398	1	1	0	0	0	0	0	0	0
8:36664924:A	8	36664924	A	NA	2398	2398	0	0	0	1	1	0	0	0	0	0	0	0
8:36664925:G	8	36664925	G	NA	2398	0	0	2398	0	1	1	0	0	0	0	0	0	0
8:36664926:A	8	36664926	A	NA	2398	2398	0	0	0	1	1	0	0	0	0	0	0	0
8:36664927:A	8	36664927	A	NA	2398	2398	0	0	0	1	1	0	0	0	0	0	0	0
8:36664928:C	8	36664928	C	NA	2398	1	2397	0	0	1	1	0	0	0	0	0	0.000417014178482068	1
8:36664929:T	8	36664929	T	NA	2398	0	1	0	2397	1	1	0	0	0	0	0	0.000417014178482068	1
8:36664930:C	8	36664930	C	NA	2398	0	2398	0	0	1	1	0	0	0	0	0	0	0
8:36664931:C	8	36664931	C	NA	2396	1	2395	0	0	1	1	0	0	0	0	0	0.000417362270450751	1
8:36664932:C	8	36664932	C	NA	2396	0	2396	0	0	1	1	0	0	0	0	0	0	0
8:36664933:T	8	36664933	T	NA	2396	0	0	0	2396	1	1	0	0	0	0	0	0	0
8:36664934:C	8	36664934	C	NA	2395	0	2395	0	0	1	1	0	0	0	0	0	0	0
8:36664935:A	8	36664935	A	NA	2395	2395	0	0	0	1	1	0	0	0	0	0	0	0
8:36664936:A	8	36664936	A	NA	2394	2394	0	0	0	1	1	0	0	0	0	0	0	0
8:36664937:A	8	36664937	A	NA	2394	2394	0	0	0	1	1	0	0	0	0	0	0	0
8:36664938:T	8	36664938	T	NA	2393	0	0	0	2393	1	1	0	0	0	0	0	0	0
8:36664939:C	8	36664939	C	NA	2390	3	2387	0	0	1	1	0	0	0	0	0	0.00125523012552301	3
8:36664940:T	8	36664940	T	NA	2387	0	0	0	2387	1	1	0	0	0	0	0	0	0
8:36664941:T	8	36664941	T	NA	2387	0	0	0	2387	1	1	0	0	0	0	0	0	0
8:36664942:G	8	36664942	G	NA	2387	0	0	2387	0	1	1	0	0	0	0	0	0	0
8:36664943:C	8	36664943	C	NA	2387	3	2384	0	0	1	1	0	0	0	0	0	0.00125680770842061	3
8:36664944:A	8	36664944	A	NA	2746	2746	0	0	0	1	1	0	0	0	0	0	0	0
8:36664945:A	8	36664945	A	NA	2965	2964	0	1	0	1	1	0	0	0	0	0	0.000337268128161889	1
8:36664946:A	8	36664946	A	NA	3688	3687	1	0	0	1	1	0	0	0	0	0	0.00027114967462039	1
8:36664947:T	8	36664947	T	NA	3688	0	0	0	3688	1	1	0	0	0	0	0	0	0
8:36664948:T	8	36664948	T	NA	3694	0	0	0	3694	1	1	0	0	0	0	0	0	0
8:36664949:C	8	36664949	C	NA	3694	0	3694	0	0	1	1	0	0	0	0	0	0	0
8:36664950:T	8	36664950	T	NA	3697	0	0	0	3697	1	1	0	0	0	0	0	0	0
8:36664951:A	8	36664951	A	NA	3697	3697	0	0	0	1	1	0	0	0	0	0	0	0
8:36664952:C	8	36664952	C	NA	4163	0	4162	0	1	1	1	0	0	0	0	0	0.000240211386019697	1
8:36664953:G	8	36664953	G	NA	4167	0	0	4165	2	1	1	0	0	0	0	0	0.000479961603071754	2
8:36664954:A	8	36664954	A	NA	4165	4165	0	0	0	1	1	0	0	0	0	0	0	0
8:36664955:G	8	36664955	G	NA	4167	0	0	4167	0	1	1	0	0	0	0	0	0	0
8:36664956:C	8	36664956	C	NA	4166	0	4166	0	0	1	1	0	0	0	0	0	0	0
8:36664957:C	8	36664957	C	NA	4167	0	4167	0	0	1	1	0	0	0	0	0	0	0
8:36664958:A	8	36664958	A	NA	4168	4167	0	0	1	1	1	0	0	0	0	0	0.000239923224568138	1
8:36664959:T	8	36664959	T	NA	4169	0	1	0	4168	1	1	0	0	0	0	0	0.000239865675221876	1
8:36664960:C	8	36664960	C	NA	4166	0	4166	0	0	1	1	0	0	0	0	0	0	0
8:36664961:A	8	36664961	A	NA	4166	4164	1	1	0	1	1	0	0	0	0	0	0.000480076812289966	2
8:36664962:A	8	36664962	A	NA	4166	4164	0	2	0	1	1	0	0	0	0	0	0.000480076812289966	2
8:36664963:G	8	36664963	G	NA	3441	0	0	3441	0	1	1	0	0	0	0	0	0	0
8:36664964:A	8	36664964	A	NA	3334	3334	0	0	0	1	1	0	0	0	0	0	0	0
8:36664965:C	8	36664965	C	NA	4078	0	4078	0	0	1	1	0	0	0	0	0	0	0
8:36664966:C	8	36664966	C	NA	3346	0	3345	0	1	1	1	0	0	0	0	0	0.000298864315600717	1
8:36664967:A	8	36664967	A	NA	3347	3346	1	0	0	1	1	0	0	0	0	0	0.000298775022408127	1
8:36664968:G	8	36664968	G	NA	3339	0	0	3339	0	1	1	0	0	0	0	0	0	0
8:36666235:G	8	36666235	G	NA	2662	0	0	2662	0	1	1	0	0	0	0	0	0	0
8:36666236:T	8	36666236	T	NA	2662	0	0	0	2662	1	1	0	0	0	0	0	0	0
8:36666237:A	8	36666237	A	NA	2662	2662	0	0	0	1	1	0	0	0	0	0	0	0
8:36666238:A	8	36666238	A	NA	2662	2661	0	1	0	1	1	0	0	0	0	0	0.000375657400450789	1
8:36666239:C	8	36666239	C	NA	2662	0	2662	0	0	1	1	0	0	0	0	0	0	0
8:36666240:T	8	36666240	T	NA	2662	0	1	0	2661	1	1	0	0	0	0	0	0.000375657400450789	1
8:36666241:C	8	36666241	C	NA	2662	0	2661	0	1	1	1	0	0	0	0	0	0.000375657400450789	1
8:36666242:A	8	36666242	A	NA	3657	3657	0	0	0	1	1	0	0	0	0	0	0	0
8:36666243:G	8	36666243	G	NA	3657	0	0	3657	0	1	1	0	0	0	0	0	0	0
8:36666244:T	8	36666244	T	NA	3671	2	1	0	3668	1	1	0	0	0	0	0	0.000817216017433942	3
8:36666245:G	8	36666245	G	NA	3671	0	0	3669	2	1	1	0	0	0	0	0	0.000544810678289294	2
8:36666246:A	8	36666246	A	NA	3671	3671	0	0	0	1	1	0	0	0	0	0	0	0
8:36666247:A	8	36666247	A	NA	3671	3671	0	0	0	1	1	0	0	0	0	0	0	0
8:36666248:G	8	36666248	G	NA	3671	0	0	3671	0	1	1	0	0	0	0	0	0	0
8:36666249:T	8	36666249	T	NA	3671	0	0	0	3671	1	1	0	0	0	0	0	0	0
8:36666250:T	8	36666250	T	NA	3671	0	0	0	3671	1	1	0	0	0	0	0	0	0
8:36666251:T	8	36666251	T	NA	3671	0	0	0	3671	1	1	0	0	0	0	0	0	0
8:36666252:T	8	36666252	T	NA	3671	0	0	0	3671	1	1	0	0	0	0	0	0	0
8:36666253:C	8	36666253	C	NA	3671	0	3670	1	0	1	1	0	0	0	0	0	0.000272405339144647	1
8:36666254:C	8	36666254	C	NA	3671	2	3669	0	0	1	1	0	0	0	0	0	0.000544810678289294	2
8:36666255:A	8	36666255	A	NA	3671	3671	0	0	0	1	1	0	0	0	0	0	0	0
8:36666256:A	8	36666256	A	NA	3671	3671	0	0	0	1	1	0	0	0	0	0	0	0
8:36666257:A	8	36666257	A	NA	3671	3671	0	0	0	1	1	0	0	0	0	0	0	0
8:36666258:C	8	36666258	C	NA	3671	2	3669	0	0	1	1	0	0	0	0	0	0.000544810678289294	2
8:36666259:T	8	36666259	T	NA	3671	0	0	0	3671	1	1	0	0	0	0	0	0	0
8:36666260:G	8	36666260	G	NA	3671	0	0	3671	0	1	1	0	0	0	0	0	0	0
8:36666261:C	8	36666261	C	NA	3671	0	3669	0	2	1	1	0	0	0	0	0	0.000544810678289294	2
8:36666262:T	8	36666262	T	NA	3671	0	0	0	3671	1	1	0	0	0	0	0	0	0
8:36666263:G	8	36666263	G	NA	3671	0	0	3671	0	1	1	0	0	0	0	0	0	0
8:36666264:T	8	36666264	T	NA	3671	0	8	0	3663	1	1	0	0	0	0	0	0.00217924271315718	8
8:36666265:C	8	36666265	C	NA	3671	0	3671	0	0	1	1	0	0	0	0	0	0	0
8:36666266:A	8	36666266	A	NA	3671	3671	0	0	0	1	1	0	0	0	0	0	0	0
8:36666267:A	8	36666267	A	NA	3671	3671	0	0	0	1	1	0	0	0	0	0	0	0
8:36666268:T	8	36666268	T	NA	3671	0	2	0	3669	1	1	0	0	0	0	0	0.000544810678289294	2
8:36666269:A	8	36666269	A	NA	2882	2882	0	0	0	1	1	0	0	0	0	0	0	0
8:36666270:A	8	36666270	A	NA	2879	2879	0	0	0	1	1	0	0	0	0	0	0	0
8:36666271:T	8	36666271	T	NA	2879	0	0	0	2879	1	1	0	0	0	0	0	0	0
8:36666272:T	8	36666272	T	NA	2058	0	0	0	2058	1	1	0	0	0	0	0	0	0
8:36666273:C	8	36666273	C	NA	2057	2	2055	0	0	1	1	0	0	0	0	0	0.000972289742343218	2
8:36666274:T	8	36666274	T	NA	2039	0	0	0	2039	1	1	0	0	0	0	0	0	0
8:36666275:C	8	36666275	C	NA	2038	1	2037	0	0	1	1	0	0	0	0	0	0.000490677134445535	1
8:36666276:A	8	36666276	A	NA	2620	2619	0	1	0	1	1	0	0	0	0	0	0.000381679389312977	1
8:36666277:G	8	36666277	G	NA	2620	0	0	2620	0	1	1	0	0	0	0	0	0	0
8:36666278:T	8	36666278	T	NA	2633	0	0	0	2633	1	1	0	0	0	0	0	0	0
8:36666279:A	8	36666279	A	NA	2633	2633	0	0	0	1	1	0	0	0	0	0	0	0
8:36666280:C	8	36666280	C	NA	3064	1	3063	0	0	1	1	0	0	0	0	0	0.000326370757180157	1
8:36666281:C	8	36666281	C	NA	3063	0	3063	0	0	1	1	0	0	0	0	0	0	0
8:36666282:T	8	36666282	T	NA	3074	0	0	0	3074	1	1	0	0	0	0	0	0	0
8:36666283:G	8	36666283	G	NA	3074	0	0	3074	0	1	1	0	0	0	0	0	0	0
8:36666284:G	8	36666284	G	NA	3074	1	0	3073	0	1	1	0	0	0	0	0	0.000325309043591412	1
8:36666285:T	8	36666285	T	NA	3073	0	1	2	3070	1	1	0	0	0	0	0	0.00097624471200781	3
8:36666286:T	8	36666286	T	NA	3071	0	0	0	3071	1	1	0	0	0	0	0	0	0
8:36666287:C	8	36666287	C	NA	3071	0	3071	0	0	1	1	0	0	0	0	0	0	0
8:36666288:A	8	36666288	A	NA	3071	3069	0	2	0	1	1	0	0	0	0	0	0.000651253663301856	2
8:36666289:C	8	36666289	C	NA	3071	2	3068	0	1	1	1	0	0	0	0	0	0.000976880494952784	3
8:36666290:A	8	36666290	A	NA	3071	3071	0	0	0	1	1	0	0	0	0	0	0	0
8:36666291:G	8	36666291	G	NA	3071	0	0	3071	0	1	1	0	0	0	0	0	0	0
8:36666292:C	8	36666292	C	NA	3071	0	3071	0	0	1	1	0	0	0	0	0	0	0
8:36666293:T	8	36666293	T	NA	3071	0	0	0	3071	1	1	0	0	0	0	0	0	0
8:36666294:G	8	36666294	G	NA	3071	3	0	3068	0	1	1	0	0	0	0	0	0.000976880494952784	3
8:36666295:C	8	36666295	C	NA	3395	3	3392	0	0	1	1	0	0	0	0	0	0.000883652430044183	3
8:36666296:G	8	36666296	G	NA	3394	0	0	3392	2	1	1	0	0	0	0	0	0.000589275191514437	2
8:36666297:G	8	36666297	G	NA	3395	0	0	3395	0	1	1	0	0	0	0	0	0	0
8:36666298:G	8	36666298	G	NA	3395	0	0	3395	0	1	1	0	0	0	0	0	0	0
8:36666299:A	8	36666299	A	NA	3394	3394	0	0	0	1	1	0	0	0	0	0	0	0
8:36666300:T	8	36666300	T	NA	3394	0	0	1	3393	1	1	0	0	0	0	0	0.000294637595757219	1
8:36666301:T	8	36666301	T	NA	3394	0	0	0	3394	1	1	0	0	0	0	0	0	0
8:36666302:C	8	36666302	C	NA	3394	0	3394	0	0	1	1	0	0	0	0	0	0	0
8:36666303:A	8	36666303	A	NA	3394	3394	0	0	0	1	1	0	0	0	0	0	0	0
8:36666304:T	8	36666304	T	NA	3394	0	1	0	3393	1	1	0	0	0	0	0	0.000294637595757219	1
8:36666305:T	8	36666305	T	NA	3952	0	0	0	3952	1	1	0	0	0	0	0	0	0
8:36666306:C	8	36666306	C	NA	4353	3	4350	0	0	1	1	0	0	0	0	0	0.000689179875947622	3
8:36666307:A	8	36666307	A	NA	4353	4351	0	2	0	1	1	0	0	0	0	0	0.000459453250631748	2
8:36666308:C	8	36666308	C	NA	4366	0	4365	1	0	1	1	0	0	0	0	0	0.000229042601923958	1
8:36666309:C	8	36666309	C	NA	4366	1	4365	0	0	1	1	0	0	0	0	0	0.000229042601923958	1
8:36666310:T	8	36666310	T	NA	4366	0	0	0	4366	1	1	0	0	0	0	0	0	0
8:36666311:G	8	36666311	G	NA	4367	0	0	4367	0	1	1	0	0	0	0	0	0	0
8:36671724:G	8	36671724	G	NA	1662	0	0	1662	0	1	1	0	0	0	0	0	0	0
8:36671725:G	8	36671725	G	NA	1662	0	0	1662	0	1	1	0	0	0	0	0	0	0
8:36671726:T	8	36671726	T	NA	1663	0	0	0	1663	1	1	0	0	0	0	0	0	0
8:36671727:G	8	36671727	G	NA	1663	0	0	1663	0	1	1	0	0	0	0	0	0	0
8:36671728:G	8	36671728	G	NA	1663	0	0	1663	0	1	1	0	0	0	0	0	0	0
8:36671729:A	8	36671729	A	NA	1663	1663	0	0	0	1	1	0	0	0	0	0	0	0
8:36671730:A	8	36671730	A	NA	1663	1662	0	1	0	1	1	0	0	0	0	0	0.000601322910402886	1
8:36671731:A	8	36671731	A	NA	1664	1664	0	0	0	1	1	0	0	0	0	0	0	0
8:36671732:A	8	36671732	A	NA	1664	1663	0	0	1	1	1	0	0	0	0	0	0.000600961538461538	1
8:36671733:T	8	36671733	T	NA	1664	0	0	0	1664	1	1	0	0	0	0	0	0	0
8:36671734:T	8	36671734	T	NA	1763	0	0	0	1763	1	1	0	0	0	0	0	0	0
8:36671735:C	8	36671735	C	NA	1763	0	1763	0	0	1	1	0	0	0	0	0	0	0
8:36671736:T	8	36671736	T	NA	1763	0	0	0	1763	1	1	0	0	0	0	0	0	0
8:36671737:G	8	36671737	G	NA	1763	0	0	1763	0	1	1	0	0	0	0	0	0	0
8:36671738:G	8	36671738	G	NA	1763	0	0	1763	0	1	1	0	0	0	0	0	0	0
8:36671739:T	8	36671739	T	NA	1763	0	0	2	1761	1	1	0	0	0	0	0	0.00113442994895065	2
8:36671740:G	8	36671740	G	NA	1763	0	1	1762	0	1	1	0	0	0	0	0	0.000567214974475326	1
8:36671741:A	8	36671741	A	NA	1763	1763	0	0	0	1	1	0	0	0	0	0	0	0
8:36671742:T	8	36671742	T	NA	1763	0	0	0	1763	1	1	0	0	0	0	0	0	0
8:36671743:C	8	36671743	C	NA	1671	0	1671	0	0	1	1	0	0	0	0	0	0	0
8:36671744:C	8	36671744	C	NA	1671	0	1671	0	0	1	1	0	0	0	0	0	0	0
8:36671745:C	8	36671745	C	NA	1668	0	1668	0	0	1	1	0	0	0	0	0	0	0
8:36671746:T	8	36671746	T	NA	1668	0	0	0	1668	1	1	0	0	0	0	0	0	0
8:36671747:G	8	36671747	G	NA	1668	0	0	1668	0	1	1	0	0	0	0	0	0	0
8:36671748:G	8	36671748	G	NA	1381	0	0	1381	0	1	1	0	0	0	0	0	0	0
8:36671749:C	8	36671749	C	NA	1381	0	1381	0	0	1	1	0	0	0	0	0	0	0
8:36671750:T	8	36671750	T	NA	1093	0	0	0	1093	1	1	0	0	0	0	0	0	0
8:36671751:C	8	36671751	C	NA	1093	0	1093	0	0	1	1	0	0	0	0	0	0	0
8:36671752:A	8	36671752	A	NA	1092	1092	0	0	0	1	1	0	0	0	0	0	0	0
8:36671753:A	8	36671753	A	NA	1092	1092	0	0	0	1	1	0	0	0	0	0	0	0
8:36671754:A	8	36671754	A	NA	1092	1092	0	0	0	1	1	0	0	0	0	0	0	0
8:36671755:G	8	36671755	G	NA	1092	0	0	1092	0	1	1	0	0	0	0	0	0	0
8:36671756:G	8	36671756	G	NA	1091	0	0	1091	0	1	1	0	0	0	0	0	0	0
8:36671757:T	8	36671757	T	NA	1091	0	0	0	1091	1	1	0	0	0	0	0	0	0
8:36671758:A	8	36671758	A	NA	1091	1091	0	0	0	1	1	0	0	0	0	0	0	0
8:36671759:G	8	36671759	G	NA	1091	0	0	1091	0	1	1	0	0	0	0	0	0	0
8:36671760:A	8	36671760	A	NA	1091	1091	0	0	0	1	1	0	0	0	0	0	0	0
8:36671761:A	8	36671761	A	NA	1091	1091	0	0	0	1	1	0	0	0	0	0	0	0
8:36671762:A	8	36671762	A	NA	1089	1089	0	0	0	1	1	0	0	0	0	0	0	0
8:36671763:T	8	36671763	T	NA	1089	0	0	0	1089	1	1	0	0	0	0	0	0	0
8:36671764:T	8	36671764	T	NA	1088	0	0	0	1088	1	1	0	0	0	0	0	0	0
8:36671765:C	8	36671765	C	NA	1088	0	1088	0	0	1	1	0	0	0	0	0	0	0
8:36671766:A	8	36671766	A	NA	1088	1088	0	0	0	1	1	0	0	0	0	0	0	0
8:36671767:C	8	36671767	C	NA	1088	0	1088	0	0	1	1	0	0	0	0	0	0	0
8:36671768:A	8	36671768	A	NA	1088	1088	0	0	0	1	1	0	0	0	0	0	0	0
8:36671769:G	8	36671769	G	NA	1088	0	0	1088	0	1	1	0	0	0	0	0	0	0
8:36671770:A	8	36671770	A	NA	1088	1086	0	0	2	1	1	0	0	0	0	0	0.00183823529411765	2
8:36671771:A	8	36671771	A	NA	1560	1560	0	0	0	1	1	0	0	0	0	0	0	0
8:36671772:T	8	36671772	T	NA	1560	0	0	1	1559	1	1	0	0	0	0	0	0.000641025641025641	1
8:36671773:A	8	36671773	A	NA	1428	1428	0	0	0	1	1	0	0	0	0	0	0	0
8:36671774:T	8	36671774	T	NA	1428	0	0	0	1428	1	1	0	0	0	0	0	0	0
8:36671775:A	8	36671775	A	NA	1427	1427	0	0	0	1	1	0	0	0	0	0	0	0
8:36671776:T	8	36671776	T	NA	1427	0	0	0	1427	1	1	0	0	0	0	0	0	0
8:36671777:C	8	36671777	C	NA	1427	1	1426	0	0	1	1	0	0	0	0	0	0.000700770847932726	1
8:36671778:A	8	36671778	A	NA	1427	1427	0	0	0	1	1	0	0	0	0	0	0	0
8:36671779:T	8	36671779	T	NA	1427	0	0	0	1427	1	1	0	0	0	0	0	0	0
8:36671780:A	8	36671780	A	NA	1427	1427	0	0	0	1	1	0	0	0	0	0	0	0
8:36671781:T	8	36671781	T	NA	1427	0	0	0	1427	1	1	0	0	0	0	0	0	0
8:36671782:T	8	36671782	T	NA	1427	0	0	0	1427	1	1	0	0	0	0	0	0	0
8:36671783:T	8	36671783	T	NA	1427	0	0	0	1427	1	1	0	0	0	0	0	0	0
8:36671784:T	8	36671784	T	NA	1427	0	0	0	1427	1	1	0	0	0	0	0	0	0
8:36671785:G	8	36671785	G	NA	1426	0	0	1426	0	1	1	0	0	0	0	0	0	0
8:36671786:A	8	36671786	A	NA	1426	1425	0	0	1	1	1	0	0	0	0	0	0.000701262272089762	1
8:36671787:G	8	36671787	G	NA	1426	0	0	1426	0	1	1	0	0	0	0	0	0	0
8:36671788:T	8	36671788	T	NA	1426	0	1	0	1425	1	1	0	0	0	0	0	0.000701262272089762	1
8:36671789:C	8	36671789	C	NA	1426	0	1426	0	0	1	1	0	0	0	0	0	0	0
8:36671790:A	8	36671790	A	NA	1426	1426	0	0	0	1	1	0	0	0	0	0	0	0
8:36671791:A	8	36671791	A	NA	1426	1426	0	0	0	1	1	0	0	0	0	0	0	0
8:36671792:T	8	36671792	T	NA	1426	0	0	0	1426	1	1	0	0	0	0	0	0	0
8:36671793:T	8	36671793	T	NA	1426	1	0	0	1425	1	1	0	0	0	0	0	0.000701262272089762	1
8:36671794:T	8	36671794	T	NA	1426	0	0	0	1426	1	1	0	0	0	0	0	0	0
8:36671795:A	8	36671795	A	NA	1425	1425	0	0	0	1	1	0	0	0	0	0	0	0
8:36671796:C	8	36671796	C	NA	1426	0	1426	0	0	1	1	0	0	0	0	0	0	0
8:36671797:C	8	36671797	C	NA	2149	0	2149	0	0	1	1	0	0	0	0	0	0	0
8:36671798:T	8	36671798	T	NA	2168	3	0	0	2165	1	1	0	0	0	0	0	0.00138376383763838	3
8:36671799:G	8	36671799	G	NA	2180	0	0	2180	0	1	1	0	0	0	0	0	0	0
8:36671800:G	8	36671800	G	NA	2180	0	0	2180	0	1	1	0	0	0	0	0	0	0
8:36671801:T	8	36671801	T	NA	2180	0	1	0	2179	1	1	0	0	0	0	0	0.000458715596330275	1
8:36671802:C	8	36671802	C	NA	2180	0	2180	0	0	1	1	0	0	0	0	0	0	0
8:36671803:A	8	36671803	A	NA	2181	2181	0	0	0	1	1	0	0	0	0	0	0	0
8:36671804:T	8	36671804	T	NA	2181	0	0	0	2181	1	1	0	0	0	0	0	0	0
8:36671805:G	8	36671805	G	NA	2181	2	0	2179	0	1	1	0	0	0	0	0	0.000917010545621275	2
8:36671806:G	8	36671806	G	NA	2181	0	0	2180	1	1	1	0	0	0	0	0	0.000458505272810637	1
8:36671807:C	8	36671807	C	NA	2181	1	2178	1	1	1	1	0	0	0	0	0	0.00137551581843191	3
8:36671808:A	8	36671808	A	NA	2181	2181	0	0	0	1	1	0	0	0	0	0	0	0
8:36671809:A	8	36671809	A	NA	2181	2181	0	0	0	1	1	0	0	0	0	0	0	0
8:36671810:C	8	36671810	C	NA	1690	0	1690	0	0	1	1	0	0	0	0	0	0	0
8:36671811:A	8	36671811	A	NA	1690	1690	0	0	0	1	1	0	0	0	0	0	0	0
8:36671812:A	8	36671812	A	NA	1684	1684	0	0	0	1	1	0	0	0	0	0	0	0
8:36671813:C	8	36671813	C	NA	1684	1	1683	0	0	1	1	0	0	0	0	0	0.000593824228028504	1
8:36671814:G	8	36671814	G	NA	1684	1	0	1683	0	1	1	0	0	0	0	0	0.000593824228028504	1
8:36671815:T	8	36671815	T	NA	1516	0	0	0	1516	1	1	0	0	0	0	0	0	0
8:36671816:C	8	36671816	C	NA	1513	0	1513	0	0	1	1	0	0	0	0	0	0	0
8:36671817:A	8	36671817	A	NA	1513	1512	0	1	0	1	1	0	0	0	0	0	0.000660938532716457	1
8:36671818:A	8	36671818	A	NA	1338	1338	0	0	0	1	1	0	0	0	0	0	0	0
8:36671819:C	8	36671819	C	NA	1336	0	1336	0	0	1	1	0	0	0	0	0	0	0
8:36671820:C	8	36671820	C	NA	1334	1	1333	0	0	1	1	0	0	0	0	0	0.000749625187406297	1
8:36671821:G	8	36671821	G	NA	1334	1	0	1333	0	1	1	0	0	0	0	0	0.000749625187406297	1
8:36671822:T	8	36671822	T	NA	1334	0	0	0	1334	1	1	0	0	0	0	0	0	0
8:36671823:T	8	36671823	T	NA	1334	0	0	0	1334	1	1	0	0	0	0	0	0	0
8:36671824:G	8	36671824	G	NA	1332	0	0	1332	0	1	1	0	0	0	0	0	0	0
8:36671825:G	8	36671825	G	NA	1332	0	0	1332	0	1	1	0	0	0	0	0	0	0
8:36671826:A	8	36671826	A	NA	1455	1455	0	0	0	1	1	0	0	0	0	0	0	0
8:36671827:T	8	36671827	T	NA	1454	0	0	0	1454	1	1	0	0	0	0	0	0	0
8:36671828:T	8	36671828	T	NA	1454	0	0	0	1454	1	1	0	0	0	0	0	0	0
8:36671829:T	8	36671829	T	NA	1454	0	0	0	1454	1	1	0	0	0	0	0	0	0
8:36671830:G	8	36671830	G	NA	1454	0	0	1454	0	1	1	0	0	0	0	0	0	0
8:36671831:G	8	36671831	G	NA	1454	0	0	1454	0	1	1	0	0	0	0	0	0	0
8:36671832:A	8	36671832	A	NA	1453	1453	0	0	0	1	1	0	0	0	0	0	0	0
8:36671833:G	8	36671833	G	NA	1453	0	0	1453	0	1	1	0	0	0	0	0	0	0
8:36671834:A	8	36671834	A	NA	1453	1453	0	0	0	1	1	0	0	0	0	0	0	0
8:36671835:T	8	36671835	T	NA	1354	0	0	0	1354	1	1	0	0	0	0	0	0	0
8:36671836:G	8	36671836	G	NA	1354	0	0	1354	0	1	1	0	0	0	0	0	0	0
8:36671837:T	8	36671837	T	NA	1354	0	0	0	1354	1	1	0	0	0	0	0	0	0
8:36671838:G	8	36671838	G	NA	1354	0	0	1354	0	1	1	0	0	0	0	0	0	0
8:36671839:G	8	36671839	G	NA	1354	0	0	1354	0	1	1	0	0	0	0	0	0	0
8:36671840:T	8	36671840	T	NA	1354	0	0	0	1354	1	1	0	0	0	0	0	0	0
8:36671841:A	8	36671841	A	NA	1354	1354	0	0	0	1	1	0	0	0	0	0	0	0
8:36671842:G	8	36671842	G	NA	1354	0	0	1354	0	1	1	0	0	0	0	0	0	0
8:36671843:C	8	36671843	C	NA	1414	0	1413	0	1	1	1	0	0	0	0	0	0.000707213578500707	1
8:36671844:C	8	36671844	C	NA	1414	0	1414	0	0	1	1	0	0	0	0	0	0	0
8:36671845:A	8	36671845	A	NA	1414	1414	0	0	0	1	1	0	0	0	0	0	0	0
8:36671846:A	8	36671846	A	NA	1414	1414	0	0	0	1	1	0	0	0	0	0	0	0
8:36671847:G	8	36671847	G	NA	1414	0	0	1414	0	1	1	0	0	0	0	0	0	0
8:36671848:A	8	36671848	A	NA	1414	1414	0	0	0	1	1	0	0	0	0	0	0	0
8:36671849:C	8	36671849	C	NA	1414	0	1414	0	0	1	1	0	0	0	0	0	0	0
8:36671850:A	8	36671850	A	NA	1414	1414	0	0	0	1	1	0	0	0	0	0	0	0
8:36671851:T	8	36671851	T	NA	1414	1	0	0	1413	1	1	0	0	0	0	0	0.000707213578500707	1
8:36671852:C	8	36671852	C	NA	1414	2	1412	0	0	1	1	0	0	0	0	0	0.00141442715700141	2
8:36671853:C	8	36671853	C	NA	1416	0	1416	0	0	1	1	0	0	0	0	0	0	0
8:36671854:T	8	36671854	T	NA	1416	0	0	0	1416	1	1	0	0	0	0	0	0	0
8:36671855:T	8	36671855	T	NA	1416	0	0	0	1416	1	1	0	0	0	0	0	0	0
8:36671856:A	8	36671856	A	NA	1416	1416	0	0	0	1	1	0	0	0	0	0	0	0
8:36671857:G	8	36671857	G	NA	1416	0	0	1416	0	1	1	0	0	0	0	0	0	0
8:36671858:G	8	36671858	G	NA	1416	0	0	1416	0	1	1	0	0	0	0	0	0	0
8:36671859:A	8	36671859	A	NA	1416	1416	0	0	0	1	1	0	0	0	0	0	0	0
8:36671860:C	8	36671860	C	NA	1931	2	1929	0	0	1	1	0	0	0	0	0	0.00103573278094252	2
8:36671861:G	8	36671861	G	NA	1931	1	0	1930	0	1	1	0	0	0	0	0	0.000517866390471258	1
8:36671862:G	8	36671862	G	NA	1945	0	0	1945	0	1	1	0	0	0	0	0	0	0
8:36671863:A	8	36671863	A	NA	1945	1945	0	0	0	1	1	0	0	0	0	0	0	0
8:36671864:C	8	36671864	C	NA	1945	2	1943	0	0	1	1	0	0	0	0	0	0.00102827763496144	2
8:36671865:C	8	36671865	C	NA	1945	0	1945	0	0	1	1	0	0	0	0	0	0	0
8:36671866:T	8	36671866	T	NA	1945	0	0	0	1945	1	1	0	0	0	0	0	0	0
8:36671867:T	8	36671867	T	NA	1945	0	0	0	1945	1	1	0	0	0	0	0	0	0
8:36671868:C	8	36671868	C	NA	1945	0	1945	0	0	1	1	0	0	0	0	0	0	0
8:36671869:A	8	36671869	A	NA	1945	1945	0	0	0	1	1	0	0	0	0	0	0	0
8:36671870:T	8	36671870	T	NA	1945	0	2	0	1943	1	1	0	0	0	0	0	0.00102827763496144	2
8:36671871:C	8	36671871	C	NA	1945	1	1942	0	2	1	1	0	0	0	0	0	0.00154241645244216	3
8:36671872:A	8	36671872	A	NA	1473	1473	0	0	0	1	1	0	0	0	0	0	0	0
8:36671873:T	8	36671873	T	NA	1473	0	0	0	1473	1	1	0	0	0	0	0	0	0
8:36671874:G	8	36671874	G	NA	1473	1	0	1472	0	1	1	0	0	0	0	0	0.000678886625933469	1
8:36671875:T	8	36671875	T	NA	1473	1	0	0	1472	1	1	0	0	0	0	0	0.000678886625933469	1
8:36671876:T	8	36671876	T	NA	1473	0	0	0	1473	1	1	0	0	0	0	0	0	0
8:36671877:C	8	36671877	C	NA	1473	1	1472	0	0	1	1	0	0	0	0	0	0.000678886625933469	1
8:36671878:T	8	36671878	T	NA	1472	0	0	0	1472	1	1	0	0	0	0	0	0	0
8:36671879:T	8	36671879	T	NA	1472	0	0	0	1472	1	1	0	0	0	0	0	0	0
8:36671880:C	8	36671880	C	NA	1472	0	1472	0	0	1	1	0	0	0	0	0	0	0
8:36671881:A	8	36671881	A	NA	1472	1472	0	0	0	1	1	0	0	0	0	0	0	0
8:36671882:C	8	36671882	C	NA	1472	0	1472	0	0	1	1	0	0	0	0	0	0	0
8:36671883:A	8	36671883	A	NA	1472	1472	0	0	0	1	1	0	0	0	0	0	0	0
8:36671884:C	8	36671884	C	NA	1472	0	1471	0	1	1	1	0	0	0	0	0	0.000679347826086957	1
8:36671885:T	8	36671885	T	NA	1472	0	0	0	1472	1	1	0	0	0	0	0	0	0
8:36671886:G	8	36671886	G	NA	1471	0	0	1471	0	1	1	0	0	0	0	0	0	0
8:36671887:G	8	36671887	G	NA	1471	0	0	1471	0	1	1	0	0	0	0	0	0	0
8:36671888:G	8	36671888	G	NA	1471	0	0	1471	0	1	1	0	0	0	0	0	0	0
8:36671889:G	8	36671889	G	NA	1471	1	0	1470	0	1	1	0	0	0	0	0	0.000679809653297077	1
8:36671890:A	8	36671890	A	NA	1471	1471	0	0	0	1	1	0	0	0	0	0	0	0
8:36671891:G	8	36671891	G	NA	1471	0	0	1471	0	1	1	0	0	0	0	0	0	0
8:36671892:T	8	36671892	T	NA	1471	0	0	0	1471	1	1	0	0	0	0	0	0	0
8:36671893:T	8	36671893	T	NA	1471	0	3	0	1468	1	1	0	0	0	0	0	0.00203942895989123	3
8:36671894:T	8	36671894	T	NA	1471	0	0	0	1471	1	1	0	0	0	0	0	0	0
8:36671895:G	8	36671895	G	NA	1471	4	0	1467	0	1	1	0	0	0	0	0	0.00271923861318831	4
8:36671896:G	8	36671896	G	NA	1471	0	0	1471	0	1	1	0	0	0	0	0	0	0
8:36671897:T	8	36671897	T	NA	1470	0	0	0	1470	1	1	0	0	0	0	0	0	0
8:36671898:G	8	36671898	G	NA	747	0	0	747	0	1	1	0	0	0	0	0	0	0
8:36671899:A	8	36671899	A	NA	728	728	0	0	0	1	1	0	0	0	0	0	0	0
8:36671900:A	8	36671900	A	NA	716	716	0	0	0	1	1	0	0	0	0	0	0	0
8:36671901:G	8	36671901	G	NA	716	0	0	716	0	1	1	0	0	0	0	0	0	0
8:36671902:A	8	36671902	A	NA	716	714	0	0	2	1	1	0	0	0	0	0	0.00279329608938547	2
8:36671903:A	8	36671903	A	NA	716	716	0	0	0	1	1	0	0	0	0	0	0	0
8:36671904:T	8	36671904	T	NA	715	0	0	0	715	1	1	0	0	0	0	0	0	0
8:36671905:A	8	36671905	A	NA	715	715	0	0	0	1	1	0	0	0	0	0	0	0
8:36671906:T	8	36671906	T	NA	715	0	0	0	715	1	1	0	0	0	0	0	0	0
8:36671907:T	8	36671907	T	NA	715	0	0	0	715	1	1	0	0	0	0	0	0	0
8:36671908:T	8	36671908	T	NA	715	0	1	0	714	1	1	0	0	0	0	0	0.0013986013986014	1
8:36671909:T	8	36671909	T	NA	715	0	0	0	715	1	1	0	0	0	0	0	0	0
8:36671910:T	8	36671910	T	NA	715	0	0	0	715	1	1	0	0	0	0	0	0	0
8:36671911:A	8	36671911	A	NA	824	823	0	0	1	1	1	0	0	0	0	0	0.00121359223300971	1
8:36671912:A	8	36671912	A	NA	824	824	0	0	0	1	1	0	0	0	0	0	0	0
8:36671913:T	8	36671913	T	NA	824	0	0	0	824	1	1	0	0	0	0	0	0	0
8:36671914:A	8	36671914	A	NA	824	824	0	0	0	1	1	0	0	0	0	0	0	0
8:36671915:T	8	36671915	T	NA	824	0	0	0	824	1	1	0	0	0	0	0	0	0
8:36671916:A	8	36671916	A	NA	824	824	0	0	0	1	1	0	0	0	0	0	0	0
8:36671917:T	8	36671917	T	NA	824	1	0	0	823	1	1	0	0	0	0	0	0.00121359223300971	1
8:36671918:T	8	36671918	T	NA	824	0	0	0	824	1	1	0	0	0	0	0	0	0
8:36673113:G	8	36673113	G	NA	495	0	0	495	0	1	1	0	0	0	0	0	0	0
8:36673114:A	8	36673114	A	NA	495	495	0	0	0	1	1	0	0	0	0	0	0	0
8:36673115:T	8	36673115	T	NA	499	0	0	0	499	1	1	0	0	0	0	0	0	0
8:36673116:A	8	36673116	A	NA	499	499	0	0	0	1	1	0	0	0	0	0	0	0
8:36673117:T	8	36673117	T	NA	499	0	0	0	499	1	1	0	0	0	0	0	0	0
8:36673118:T	8	36673118	T	NA	499	0	0	0	499	1	1	0	0	0	0	0	0	0
8:36673119:A	8	36673119	A	NA	499	499	0	0	0	1	1	0	0	0	0	0	0	0
8:36673120:T	8	36673120	T	NA	499	0	0	0	499	1	1	0	0	0	0	0	0	0
8:36673121:T	8	36673121	T	NA	499	0	1	0	498	1	1	0	0	0	0	0	0.00200400801603206	1
8:36673122:T	8	36673122	T	NA	499	0	0	0	499	1	1	0	0	0	0	0	0	0
8:36673123:G	8	36673123	G	NA	499	0	0	499	0	1	1	0	0	0	0	0	0	0
8:36673124:C	8	36673124	C	NA	499	0	499	0	0	1	1	0	0	0	0	0	0	0
8:36673125:G	8	36673125	G	NA	499	0	0	499	0	1	1	0	0	0	0	0	0	0
8:36673126:A	8	36673126	A	NA	499	499	0	0	0	1	1	0	0	0	0	0	0	0
8:36673127:A	8	36673127	A	NA	499	499	0	0	0	1	1	0	0	0	0	0	0	0
8:36673128:C	8	36673128	C	NA	499	0	499	0	0	1	1	0	0	0	0	0	0	0
8:36673129:T	8	36673129	T	NA	499	0	0	0	499	1	1	0	0	0	0	0	0	0
8:36673130:A	8	36673130	A	NA	499	499	0	0	0	1	1	0	0	0	0	0	0	0
8:36673131:T	8	36673131	T	NA	499	0	0	0	499	1	1	0	0	0	0	0	0	0
8:36673132:A	8	36673132	A	NA	499	499	0	0	0	1	1	0	0	0	0	0	0	0
8:36673133:T	8	36673133	T	NA	499	0	1	0	498	1	1	0	0	0	0	0	0.00200400801603206	1
8:36673134:A	8	36673134	A	NA	499	499	0	0	0	1	1	0	0	0	0	0	0	0
8:36673135:C	8	36673135	C	NA	499	1	498	0	0	1	1	0	0	0	0	0	0.00200400801603206	1
8:36673136:C	8	36673136	C	NA	499	0	499	0	0	1	1	0	0	0	0	0	0	0
8:36673137:T	8	36673137	T	NA	499	0	0	0	499	1	1	0	0	0	0	0	0	0
8:36673138:G	8	36673138	G	NA	499	0	0	499	0	1	1	0	0	0	0	0	0	0
8:36673139:A	8	36673139	A	NA	499	499	0	0	0	1	1	0	0	0	0	0	0	0
8:36673140:A	8	36673140	A	NA	499	499	0	0	0	1	1	0	0	0	0	0	0	0
8:36673141:A	8	36673141	A	NA	499	499	0	0	0	1	1	0	0	0	0	0	0	0
8:36673142:T	8	36673142	T	NA	433	0	0	0	433	1	1	0	0	0	0	0	0	0
8:36673143:G	8	36673143	G	NA	433	0	0	433	0	1	1	0	0	0	0	0	0	0
8:36673144:G	8	36673144	G	NA	588	0	0	588	0	1	1	0	0	0	0	0	0	0
8:36673145:T	8	36673145	T	NA	588	0	0	0	588	1	1	0	0	0	0	0	0	0
8:36673146:G	8	36673146	G	NA	588	0	0	588	0	1	1	0	0	0	0	0	0	0
8:36673147:G	8	36673147	G	NA	588	0	0	588	0	1	1	0	0	0	0	0	0	0
8:36673148:A	8	36673148	A	NA	588	588	0	0	0	1	1	0	0	0	0	0	0	0
8:36673149:A	8	36673149	A	NA	588	588	0	0	0	1	1	0	0	0	0	0	0	0
8:36673150:C	8	36673150	C	NA	588	0	588	0	0	1	1	0	0	0	0	0	0	0
8:36673151:T	8	36673151	T	NA	597	0	0	0	597	1	1	0	0	0	0	0	0	0
8:36673152:G	8	36673152	G	NA	597	0	0	597	0	1	1	0	0	0	0	0	0	0
8:36673153:T	8	36673153	T	NA	597	0	0	0	597	1	1	0	0	0	0	0	0	0
8:36673154:T	8	36673154	T	NA	607	0	0	0	607	1	1	0	0	0	0	0	0	0
8:36673155:T	8	36673155	T	NA	607	0	0	0	607	1	1	0	0	0	0	0	0	0
8:36673156:G	8	36673156	G	NA	607	0	0	607	0	1	1	0	0	0	0	0	0	0
8:36673157:C	8	36673157	C	NA	607	0	607	0	0	1	1	0	0	0	0	0	0	0
8:36673158:T	8	36673158	T	NA	607	0	0	0	607	1	1	0	0	0	0	0	0	0
8:36673159:A	8	36673159	A	NA	607	607	0	0	0	1	1	0	0	0	0	0	0	0
8:36673160:A	8	36673160	A	NA	607	607	0	0	0	1	1	0	0	0	0	0	0	0
8:36673161:C	8	36673161	C	NA	607	0	607	0	0	1	1	0	0	0	0	0	0	0
8:36673162:A	8	36673162	A	NA	607	607	0	0	0	1	1	0	0	0	0	0	0	0
8:36673163:A	8	36673163	A	NA	608	608	0	0	0	1	1	0	0	0	0	0	0	0
8:36673164:G	8	36673164	G	NA	608	0	0	608	0	1	1	0	0	0	0	0	0	0
8:36673165:A	8	36673165	A	NA	608	608	0	0	0	1	1	0	0	0	0	0	0	0
8:36673166:G	8	36673166	G	NA	595	0	0	595	0	1	1	0	0	0	0	0	0	0
8:36673167:G	8	36673167	G	NA	595	0	0	595	0	1	1	0	0	0	0	0	0	0
8:36673168:A	8	36673168	A	NA	595	595	0	0	0	1	1	0	0	0	0	0	0	0
8:36673169:A	8	36673169	A	NA	595	595	0	0	0	1	1	0	0	0	0	0	0	0
8:36673170:A	8	36673170	A	NA	595	595	0	0	0	1	1	0	0	0	0	0	0	0
8:36673171:T	8	36673171	T	NA	595	0	0	0	595	1	1	0	0	0	0	0	0	0
8:36673172:A	8	36673172	A	NA	520	520	0	0	0	1	1	0	0	0	0	0	0	0
8:36673173:C	8	36673173	C	NA	520	0	520	0	0	1	1	0	0	0	0	0	0	0
8:36673174:A	8	36673174	A	NA	520	520	0	0	0	1	1	0	0	0	0	0	0	0
8:36673175:C	8	36673175	C	NA	520	0	520	0	0	1	1	0	0	0	0	0	0	0
8:36673176:C	8	36673176	C	NA	520	0	520	0	0	1	1	0	0	0	0	0	0	0
8:36673177:A	8	36673177	A	NA	520	520	0	0	0	1	1	0	0	0	0	0	0	0
8:36673178:G	8	36673178	G	NA	520	0	0	520	0	1	1	0	0	0	0	0	0	0
8:36673179:T	8	36673179	T	NA	520	0	0	0	520	1	1	0	0	0	0	0	0	0
8:36673180:T	8	36673180	T	NA	520	0	0	0	520	1	1	0	0	0	0	0	0	0
8:36673181:C	8	36673181	C	NA	520	0	520	0	0	1	1	0	0	0	0	0	0	0
8:36673182:C	8	36673182	C	NA	520	0	520	0	0	1	1	0	0	0	0	0	0	0
8:36673183:T	8	36673183	T	NA	520	0	0	0	520	1	1	0	0	0	0	0	0	0
8:36673184:A	8	36673184	A	NA	520	520	0	0	0	1	1	0	0	0	0	0	0	0
8:36673185:T	8	36673185	T	NA	520	0	0	0	520	1	1	0	0	0	0	0	0	0
8:36673186:G	8	36673186	G	NA	520	0	0	520	0	1	1	0	0	0	0	0	0	0
8:36673187:A	8	36673187	A	NA	521	521	0	0	0	1	1	0	0	0	0	0	0	0
8:36673188:A	8	36673188	A	NA	521	521	0	0	0	1	1	0	0	0	0	0	0	0
8:36673189:G	8	36673189	G	NA	521	0	0	521	0	1	1	0	0	0	0	0	0	0
8:36673190:C	8	36673190	C	NA	521	1	520	0	0	1	1	0	0	0	0	0	0.00191938579654511	1
8:36673191:A	8	36673191	A	NA	521	521	0	0	0	1	1	0	0	0	0	0	0	0
8:36673192:C	8	36673192	C	NA	315	0	315	0	0	1	1	0	0	0	0	0	0	0
8:36673193:T	8	36673193	T	NA	315	0	0	0	315	1	1	0	0	0	0	0	0	0
8:36673194:C	8	36673194	C	NA	312	0	312	0	0	1	1	0	0	0	0	0	0	0
8:36673195:A	8	36673195	A	NA	312	312	0	0	0	1	1	0	0	0	0	0	0	0
8:36673196:A	8	36673196	A	NA	312	312	0	0	0	1	1	0	0	0	0	0	0	0
8:36673197:A	8	36673197	A	NA	312	312	0	0	0	1	1	0	0	0	0	0	0	0
8:36673198:G	8	36673198	G	NA	312	0	0	312	0	1	1	0	0	0	0	0	0	0
8:36673199:G	8	36673199	G	NA	312	0	0	312	0	1	1	0	0	0	0	0	0	0
8:36673200:A	8	36673200	A	NA	312	312	0	0	0	1	1	0	0	0	0	0	0	0
8:36673201:A	8	36673201	A	NA	312	312	0	0	0	1	1	0	0	0	0	0	0	0
8:36673202:A	8	36673202	A	NA	312	312	0	0	0	1	1	0	0	0	0	0	0	0
8:36673203:G	8	36673203	G	NA	312	0	0	312	0	1	1	0	0	0	0	0	0	0
8:36673204:A	8	36673204	A	NA	312	312	0	0	0	1	1	0	0	0	0	0	0	0
8:36673205:A	8	36673205	A	NA	312	312	0	0	0	1	1	0	0	0	0	0	0	0
8:36675167:G	8	36675167	G	NA	2861	0	0	2861	0	1	1	0	0	0	0	0	0	0
8:36675168:G	8	36675168	G	NA	2861	0	0	2861	0	1	1	0	0	0	0	0	0	0
8:36675169:T	8	36675169	T	NA	2861	0	0	1	2860	1	1	0	0	0	0	0	0.00034952813701503	1
8:36675170:T	8	36675170	T	NA	2861	0	0	0	2861	1	1	0	0	0	0	0	0	0
8:36675171:T	8	36675171	T	NA	3169	0	0	0	3169	1	1	0	0	0	0	0	0	0
8:36675172:A	8	36675172	A	NA	3169	3169	0	0	0	1	1	0	0	0	0	0	0	0
8:36675173:T	8	36675173	T	NA	3177	0	2	0	3175	1	1	0	0	0	0	0	0.000629524708844822	2
8:36675174:T	8	36675174	T	NA	3177	0	0	0	3177	1	1	0	0	0	0	0	0	0
8:36675175:G	8	36675175	G	NA	3177	0	0	3177	0	1	1	0	0	0	0	0	0	0
8:36675176:T	8	36675176	T	NA	3179	0	0	0	3179	1	1	0	0	0	0	0	0	0
8:36675177:G	8	36675177	G	NA	3179	2	0	3177	0	1	1	0	0	0	0	0	0.000629128656810318	2
8:36675178:G	8	36675178	G	NA	3179	0	0	3179	0	1	1	0	0	0	0	0	0	0
8:36675179:T	8	36675179	T	NA	3179	0	0	0	3179	1	1	0	0	0	0	0	0	0
8:36675180:C	8	36675180	C	NA	3179	0	3179	0	0	1	1	0	0	0	0	0	0	0
8:36675181:T	8	36675181	T	NA	3179	0	0	0	3179	1	1	0	0	0	0	0	0	0
8:36675182:G	8	36675182	G	NA	3179	0	0	3179	0	1	1	0	0	0	0	0	0	0
8:36675183:T	8	36675183	T	NA	3179	0	0	0	3179	1	1	0	0	0	0	0	0	0
8:36675184:G	8	36675184	G	NA	3179	2	0	3177	0	1	1	0	0	0	0	0	0.000629128656810318	2
8:36675185:G	8	36675185	G	NA	2899	0	0	2897	2	1	1	0	0	0	0	0	0.000689893066574681	2
8:36675186:A	8	36675186	A	NA	2899	2899	0	0	0	1	1	0	0	0	0	0	0	0
8:36675187:A	8	36675187	A	NA	2894	2894	0	0	0	1	1	0	0	0	0	0	0	0
8:36675188:A	8	36675188	A	NA	2894	2893	0	1	0	1	1	0	0	0	0	0	0.000345542501727712	1
8:36675189:C	8	36675189	C	NA	2894	1	2893	0	0	1	1	0	0	0	0	0	0.000345542501727712	1
8:36675190:A	8	36675190	A	NA	2380	2380	0	0	0	1	1	0	0	0	0	0	0	0
8:36675191:T	8	36675191	T	NA	2380	0	0	0	2380	1	1	0	0	0	0	0	0	0
8:36675192:C	8	36675192	C	NA	2375	0	2375	0	0	1	1	0	0	0	0	0	0	0
8:36675193:A	8	36675193	A	NA	2375	2373	1	0	1	1	1	0	0	0	0	0	0.000842105263157895	2
8:36675194:C	8	36675194	C	NA	2375	1	2374	0	0	1	1	0	0	0	0	0	0.000421052631578947	1
8:36675195:T	8	36675195	T	NA	2375	0	0	0	2375	1	1	0	0	0	0	0	0	0
8:36675196:G	8	36675196	G	NA	2375	1	0	2374	0	1	1	0	0	0	0	0	0.000421052631578947	1
8:36675197:T	8	36675197	T	NA	2708	0	0	0	2708	1	1	0	0	0	0	0	0	0
8:36675198:G	8	36675198	G	NA	2420	0	0	2420	0	1	1	0	0	0	0	0	0	0
8:36675199:G	8	36675199	G	NA	2428	0	0	2428	0	1	1	0	0	0	0	0	0	0
8:36675200:A	8	36675200	A	NA	2418	2416	2	0	0	1	1	0	0	0	0	0	0.000827129859387924	2
8:36675201:C	8	36675201	C	NA	2418	1	2417	0	0	1	1	0	0	0	0	0	0.000413564929693962	1
8:36675202:A	8	36675202	A	NA	2418	2418	0	0	0	1	1	0	0	0	0	0	0	0
8:36675203:G	8	36675203	G	NA	2418	0	0	2418	0	1	1	0	0	0	0	0	0	0
8:36675204:T	8	36675204	T	NA	2418	0	0	0	2418	1	1	0	0	0	0	0	0	0
8:36675205:G	8	36675205	G	NA	2418	0	0	2418	0	1	1	0	0	0	0	0	0	0
8:36675206:T	8	36675206	T	NA	2418	1	0	0	2417	1	1	0	0	0	0	0	0.000413564929693962	1
8:36675207:G	8	36675207	G	NA	2418	1	0	2417	0	1	1	0	0	0	0	0	0.000413564929693962	1
8:36675208:A	8	36675208	A	NA	2418	2417	0	1	0	1	1	0	0	0	0	0	0.000413564929693962	1
8:36675209:C	8	36675209	C	NA	2418	1	2417	0	0	1	1	0	0	0	0	0	0.000413564929693962	1
8:36675210:C	8	36675210	C	NA	2418	0	2418	0	0	1	1	0	0	0	0	0	0	0
8:36675211:G	8	36675211	G	NA	2418	1	0	2417	0	1	1	0	0	0	0	0	0.000413564929693962	1
8:36675212:C	8	36675212	C	NA	2418	0	2418	0	0	1	1	0	0	0	0	0	0	0
8:36675213:T	8	36675213	T	NA	2418	0	0	0	2418	1	1	0	0	0	0	0	0	0
8:36675214:T	8	36675214	T	NA	2418	0	0	0	2418	1	1	0	0	0	0	0	0	0
8:36675215:T	8	36675215	T	NA	2418	0	0	0	2418	1	1	0	0	0	0	0	0	0
8:36675216:C	8	36675216	C	NA	2418	0	2418	0	0	1	1	0	0	0	0	0	0	0
8:36675217:C	8	36675217	C	NA	2418	0	2418	0	0	1	1	0	0	0	0	0	0	0
8:36675218:T	8	36675218	T	NA	2418	0	0	0	2418	1	1	0	0	0	0	0	0	0
8:36675219:G	8	36675219	G	NA	2418	0	0	2418	0	1	1	0	0	0	0	0	0	0
8:36675220:A	8	36675220	A	NA	2418	2418	0	0	0	1	1	0	0	0	0	0	0	0
8:36675221:G	8	36675221	G	NA	2418	0	0	2418	0	1	1	0	0	0	0	0	0	0
8:36675222:G	8	36675222	G	NA	2418	0	0	2418	0	1	1	0	0	0	0	0	0	0
8:36675223:A	8	36675223	A	NA	2418	2418	0	0	0	1	1	0	0	0	0	0	0	0
8:36675224:A	8	36675224	A	NA	2501	2501	0	0	0	1	1	0	0	0	0	0	0	0
8:36675225:T	8	36675225	T	NA	2501	0	0	0	2501	1	1	0	0	0	0	0	0	0
8:36675226:T	8	36675226	T	NA	2504	0	3	0	2501	1	1	0	0	0	0	0	0.00119808306709265	3
8:36675227:T	8	36675227	T	NA	2504	0	0	0	2504	1	1	0	0	0	0	0	0	0
8:36675228:C	8	36675228	C	NA	2505	0	2505	0	0	1	1	0	0	0	0	0	0	0
8:36675229:C	8	36675229	C	NA	3010	0	3010	0	0	1	1	0	0	0	0	0	0	0
8:36675230:T	8	36675230	T	NA	3010	0	0	0	3010	1	1	0	0	0	0	0	0	0
8:36675231:C	8	36675231	C	NA	3010	0	3010	0	0	1	1	0	0	0	0	0	0	0
8:36675232:C	8	36675232	C	NA	3013	0	3013	0	0	1	1	0	0	0	0	0	0	0
8:36675233:G	8	36675233	G	NA	3017	3	0	3014	0	1	1	0	0	0	0	0	0.000994365263506795	3
8:36675234:C	8	36675234	C	NA	3017	0	3017	0	0	1	1	0	0	0	0	0	0	0
8:36675235:G	8	36675235	G	NA	3017	0	0	3017	0	1	1	0	0	0	0	0	0	0
8:36675236:A	8	36675236	A	NA	2725	2724	0	1	0	1	1	0	0	0	0	0	0.00036697247706422	1
8:36675237:C	8	36675237	C	NA	2725	2	2723	0	0	1	1	0	0	0	0	0	0.00073394495412844	2
8:36675238:A	8	36675238	A	NA	2725	2724	0	1	0	1	1	0	0	0	0	0	0.00036697247706422	1
8:36675239:A	8	36675239	A	NA	2725	2725	0	0	0	1	1	0	0	0	0	0	0	0
8:36675240:G	8	36675240	G	NA	2725	0	0	2725	0	1	1	0	0	0	0	0	0	0
8:36675241:T	8	36675241	T	NA	2725	0	0	0	2725	1	1	0	0	0	0	0	0	0
8:36675242:C	8	36675242	C	NA	2441	0	2441	0	0	1	1	0	0	0	0	0	0	0
8:36675243:A	8	36675243	A	NA	2439	2439	0	0	0	1	1	0	0	0	0	0	0	0
8:36675244:G	8	36675244	G	NA	2439	0	0	2439	0	1	1	0	0	0	0	0	0	0
8:36675245:G	8	36675245	G	NA	2439	0	0	2439	0	1	1	0	0	0	0	0	0	0
8:36675246:A	8	36675246	A	NA	2435	2435	0	0	0	1	1	0	0	0	0	0	0	0
8:36675247:G	8	36675247	G	NA	2434	2	0	2432	0	1	1	0	0	0	0	0	0.000821692686935086	2
8:36675248:A	8	36675248	A	NA	2434	2434	0	0	0	1	1	0	0	0	0	0	0	0
8:36675249:G	8	36675249	G	NA	2432	0	0	2432	0	1	1	0	0	0	0	0	0	0
8:36675250:A	8	36675250	A	NA	2431	2431	0	0	0	1	1	0	0	0	0	0	0	0
8:36675251:T	8	36675251	T	NA	2419	1	0	1	2417	1	1	0	0	0	0	0	0.000826787928896238	2
8:36675252:C	8	36675252	C	NA	2419	0	2419	0	0	1	1	0	0	0	0	0	0	0
8:36675253:A	8	36675253	A	NA	2417	2417	0	0	0	1	1	0	0	0	0	0	0	0
8:36675254:A	8	36675254	A	NA	2416	2416	0	0	0	1	1	0	0	0	0	0	0	0
8:36675255:C	8	36675255	C	NA	2418	0	2418	0	0	1	1	0	0	0	0	0	0	0
8:36675256:A	8	36675256	A	NA	1846	1846	0	0	0	1	1	0	0	0	0	0	0	0
8:36675257:C	8	36675257	C	NA	1845	1	1844	0	0	1	1	0	0	0	0	0	0.000542005420054201	1
8:36675258:T	8	36675258	T	NA	1848	0	0	0	1848	1	1	0	0	0	0	0	0	0
8:36675259:G	8	36675259	G	NA	1296	0	0	1296	0	1	1	0	0	0	0	0	0	0
8:36675260:A	8	36675260	A	NA	1620	1619	0	1	0	1	1	0	0	0	0	0	0.000617283950617284	1
8:36675261:A	8	36675261	A	NA	1600	1600	0	0	0	1	1	0	0	0	0	0	0	0
8:36675262:A	8	36675262	A	NA	1601	1601	0	0	0	1	1	0	0	0	0	0	0	0
8:36675263:T	8	36675263	T	NA	1599	0	0	0	1599	1	1	0	0	0	0	0	0	0
8:36675264:T	8	36675264	T	NA	1600	0	2	0	1598	1	1	0	0	0	0	0	0.00125	2
8:36675265:G	8	36675265	G	NA	1600	0	0	1600	0	1	1	0	0	0	0	0	0	0
8:36675266:T	8	36675266	T	NA	1600	0	0	0	1600	1	1	0	0	0	0	0	0	0
8:36675267:T	8	36675267	T	NA	1600	0	0	0	1600	1	1	0	0	0	0	0	0	0
8:36675268:T	8	36675268	T	NA	1600	0	0	0	1600	1	1	0	0	0	0	0	0	0
8:36675269:T	8	36675269	T	NA	1600	0	0	0	1600	1	1	0	0	0	0	0	0	0
8:36675270:C	8	36675270	C	NA	1600	1	1599	0	0	1	1	0	0	0	0	0	0.000625	1
8:36675271:C	8	36675271	C	NA	1601	0	1601	0	0	1	1	0	0	0	0	0	0	0
8:36675272:T	8	36675272	T	NA	1293	0	0	0	1293	1	1	0	0	0	0	0	0	0
8:36675273:G	8	36675273	G	NA	1293	0	0	1293	0	1	1	0	0	0	0	0	0	0
8:36675274:G	8	36675274	G	NA	1285	0	0	1285	0	1	1	0	0	0	0	0	0	0
8:36675275:G	8	36675275	G	NA	1285	0	0	1285	0	1	1	0	0	0	0	0	0	0
8:36675276:A	8	36675276	A	NA	1285	1285	0	0	0	1	1	0	0	0	0	0	0	0
8:36675277:G	8	36675277	G	NA	1283	0	0	1283	0	1	1	0	0	0	0	0	0	0
8:36675278:A	8	36675278	A	NA	1283	1283	0	0	0	1	1	0	0	0	0	0	0	0
